Image	Object ID	Object type	Name	Classification	Parent	ROI	Centroid X µm	Centroid Y µm	ROI: 2.00 µm per pixel: Channel 2: Mean	ROI: 2.00 µm per pixel: Channel 3: Mean	ROI: 2.00 µm per pixel: Channel 4: Mean	Area µm^2	Circularity	Max diameter µm
DRG L M3_NeuN_IB4_Td-tomato_DAPI.lif - DRG L M3_coupe 2	012d389f-3148-4200-9e99-15e14bb1c17b	Detection		NeuN: Ignore*	Root object (Image)	Polygon	997.3	693.68	2819.4482	439.0271	5355.0195	1666.7267	0.5372	67.5275
DRG L M3_NeuN_IB4_Td-tomato_DAPI.lif - DRG L M3_coupe 2	0e6729ec-d5b9-4715-845c-26635e4ef536	Detection		NeuN: Ignore*	Root object (Image)	Polygon	1011.1	615.34	1944.2458	449.0084	5926.377	1444.7577	0.6062	51.8996
DRG L M3_NeuN_IB4_Td-tomato_DAPI.lif - DRG L M3_coupe 2	30857cd7-1906-4d7a-89d7-5a486a1c54e5	Detection		NeuN: Ignore*	Root object (Image)	Polygon	1019.1	658.13	2662.2485	444.9971	4557.8179	1394.8713	0.6004	50.4756
DRG L M3_NeuN_IB4_Td-tomato_DAPI.lif - DRG L M3_coupe 2	6e34b6d3-e259-4b8e-a99d-ee803bec22f2	Detection		NeuN: Ignore*	Root object (Image)	Polygon	983.9	732.04	1797.1754	482.038	3741.5117	1378.9902	0.4175	59.2777
DRG L M3_NeuN_IB4_Td-tomato_DAPI.lif - DRG L M3_coupe 2	c829509f-4993-4be2-9140-90ce58c24e9d	Detection		NeuN: Ignore*	Root object (Image)	Polygon	555.95	773.58	1869.5851	722.0743	3191.3467	1363.3817	0.6431	51.1322
DRG L M3_NeuN_IB4_Td-tomato_DAPI.lif - DRG L M3_coupe 2	9b7ee77d-7d31-44b5-938f-90f1ad372b35	Detection		NeuN: Ignore*	Root object (Image)	Polygon	560.32	639.58	1439.4369	394.12	5785.0952	1319.0239	0.6163	52.1659
DRG L M3_NeuN_IB4_Td-tomato_DAPI.lif - DRG L M3_coupe 2	bbb81a6d-c848-4c2f-9640-e89122d00583	Detection		NeuN: Ignore*	Root object (Image)	Polygon	255.6	595.93	2917.2866	672.5223	5743.4268	1282.7501	0.5567	52.906
DRG L M3_NeuN_IB4_Td-tomato_DAPI.lif - DRG L M3_coupe 2	a1514548-857a-41b9-b98f-3f82f5dd5bb5	Detection		NeuN: Ignore*	Root object (Image)	Polygon	592.23	875.59	3965.1257	401.0742	3485.3999	1253.8778	0.5372	52.2793
DRG L M3_NeuN_IB4_Td-tomato_DAPI.lif - DRG L M3_coupe 2	377185e0-79bf-4194-a104-9af231041e8b	Detection		NeuN: Ignore*	Root object (Image)	Polygon	338.91	568.11	2223.9934	564.759	4521.8208	1227.6365	0.6401	49.6204
DRG L M3_NeuN_IB4_Td-tomato_DAPI.lif - DRG L M3_coupe 2	b7513e3a-532b-4527-b170-d00ebcfc0c85	Detection		NeuN: Ignore*	Root object (Image)	Polygon	985.5	575.2	2764.4675	438.5097	7613.9482	1228.1296	0.4216	69.7656
DRG L M3_NeuN_IB4_Td-tomato_DAPI.lif - DRG L M3_coupe 2	fadc4e38-3277-4ad5-a0a3-f8dde87c6797	Detection		NeuN: Ignore*	Root object (Image)	Polygon	591.27	717.88	2988.2622	454.8197	5067.3442	1216.4955	0.5707	57.3875
DRG L M3_NeuN_IB4_Td-tomato_DAPI.lif - DRG L M3_coupe 2	cdc75286-ad97-4648-b2f9-f9e803a26527	Detection		NeuN: Ignore*	Root object (Image)	Polygon	632.74	385.09	1742.3673	430.636	3386.2178	1187.7599	0.6507	45.1247
DRG L M3_NeuN_IB4_Td-tomato_DAPI.lif - DRG L M3_coupe 2	1c06c917-6736-4b9a-95a4-862400de023c	Detection		NeuN: Ignore*	Root object (Image)	Polygon	652.48	320.52	2264.0554	589.9515	5671.8721	1161.0121	0.646	44.4612
DRG L M3_NeuN_IB4_Td-tomato_DAPI.lif - DRG L M3_coupe 2	2ac4a6fa-e4ca-4976-9c75-74d44d05cb75	Detection		NeuN: Ignore*	Root object (Image)	Polygon	297.34	586.2	1769.0072	514.1821	5442.5288	1157.126	0.5994	50.0103
DRG L M3_NeuN_IB4_Td-tomato_DAPI.lif - DRG L M3_coupe 2	70dc6248-209b-45a3-8f34-1ac9aa883d54	Detection		NeuN: Ignore*	Root object (Image)	Polygon	684.91	861.68	2612.4312	417.0071	3530.7668	1151.2749	0.4279	66.3096
DRG L M3_NeuN_IB4_Td-tomato_DAPI.lif - DRG L M3_coupe 2	b8a86862-8310-4fd8-a1f1-c098d25fc268	Detection		NeuN: Ignore*	Root object (Image)	Polygon	580.85	496.95	1669.1893	419.4857	5355.1143	1138.86	0.6626	46.2098
DRG L M3_NeuN_IB4_Td-tomato_DAPI.lif - DRG L M3_coupe 2	622c3c8d-c5bf-43e3-a3b2-a317e674b898	Detection		NeuN: Ignore*	Root object (Image)	Polygon	698.67	495.88	1813.9746	818.8551	6547.1704	1128.6113	0.651	47.7362
DRG L M3_NeuN_IB4_Td-tomato_DAPI.lif - DRG L M3_coupe 2	563a65bd-3fca-4843-9314-74b565eee321	Detection		NeuN: Ignore*	Root object (Image)	Polygon	539.28	853.16	1928.3623	466.3877	1295.3623	1122.2651	0.5353	54.6551
DRG L M3_NeuN_IB4_Td-tomato_DAPI.lif - DRG L M3_coupe 2	21473abd-e642-40b4-9828-15bcde0bfc70	Detection		NeuN: Ignore*	Root object (Image)	Polygon	971.42	666.86	3312.0586	405.1026	4776.6738	1097.8544	0.5851	49.4034
DRG L M3_NeuN_IB4_Td-tomato_DAPI.lif - DRG L M3_coupe 2	5bcc521c-b410-4847-a27d-0e299504efef	Detection		NeuN: Ignore*	Root object (Image)	Polygon	377.03	500.38	1700.153	442.9925	4902.123	1092.2687	0.6976	40.8094
DRG L M3_NeuN_IB4_Td-tomato_DAPI.lif - DRG L M3_coupe 2	79746aee-c7d0-432d-8bac-31598fb0acbe	Detection		NeuN: Ignore*	Root object (Image)	Polygon	474.44	906.94	2339.873	610.6846	5713.7192	1061.7496	0.6742	43.4085
DRG L M3_NeuN_IB4_Td-tomato_DAPI.lif - DRG L M3_coupe 2	add2803a-0159-4bd6-b7e0-869e6883c4af	Detection		NeuN: Ignore*	Root object (Image)	Polygon	895.94	711.95	2384.9753	1596.7705	3928.5657	998.7691	0.6792	42.1554
DRG L M3_NeuN_IB4_Td-tomato_DAPI.lif - DRG L M3_coupe 2	e69258dc-23b6-4ec0-936c-2529f05f00e4	Detection		NeuN: Ignore*	Root object (Image)	Polygon	392.07	821.69	2065.5142	563.2429	5835.7856	994.6266	0.6389	40.8448
DRG L M3_NeuN_IB4_Td-tomato_DAPI.lif - DRG L M3_coupe 2	9d59429d-d238-49d1-80e9-d47c8f21bb9f	Detection		NeuN: Ignore*: TREK1	Root object (Image)	Polygon	483.18	848.46	2746.1687	10024.1055	1735.1097	977.9906	0.6154	44.3833
DRG L M3_NeuN_IB4_Td-tomato_DAPI.lif - DRG L M3_coupe 2	ddc5cf52-c139-46f2-a983-25ae96329fca	Detection		NeuN: Ignore*	Root object (Image)	Polygon	328.54	600.75	1374.8992	1207.1387	4304.416	961.7076	0.576	45.4571
DRG L M3_NeuN_IB4_Td-tomato_DAPI.lif - DRG L M3_coupe 2	ff47b0e4-2056-46ab-ac4b-cfc6e4847601	Detection		NeuN: Ignore*	Root object (Image)	Polygon	606.76	321.54	1913.2545	496.6786	7374.3125	951.8623	0.6452	43.1157
DRG L M3_NeuN_IB4_Td-tomato_DAPI.lif - DRG L M3_coupe 2	43d122fe-91d1-4ce3-97f7-60f954abd248	Detection		NeuN: Ignore*	Root object (Image)	Polygon	470.33	440.38	1975.3107	484.4255	5276.9277	950.3743	0.6624	39.4888
DRG L M3_NeuN_IB4_Td-tomato_DAPI.lif - DRG L M3_coupe 2	49312dee-1859-4ab3-9eac-61bfc8d161c1	Detection		NeuN: Ignore*	Root object (Image)	Polygon	419.12	888.01	2047.4652	544.2	3123.3435	936.3734	0.5365	51.4798
DRG L M3_NeuN_IB4_Td-tomato_DAPI.lif - DRG L M3_coupe 2	43d31aeb-2bf5-4e36-8f66-f86272dfa8c4	Detection		NeuN: Ignore*	Root object (Image)	Polygon	444.89	842.39	2194.856	727.0917	4559	933.2775	0.6653	39.7753
DRG L M3_NeuN_IB4_Td-tomato_DAPI.lif - DRG L M3_coupe 2	f87c8b97-2527-4088-9891-08102699ddb9	Detection		NeuN: Ignore*	Root object (Image)	Polygon	306.63	479.61	2583.4434	604.7647	5242.1763	921.2529	0.6478	43.3418
DRG L M3_NeuN_IB4_Td-tomato_DAPI.lif - DRG L M3_coupe 2	a18a3844-c78c-4c9d-8af1-1ac4209d5d60	Detection		NeuN: Ignore*	Root object (Image)	Polygon	663.66	688.53	2963.9309	542.4747	2698.8848	911.7639	0.5584	51.7422
DRG L M3_NeuN_IB4_Td-tomato_DAPI.lif - DRG L M3_coupe 2	d95f5306-cf02-475e-a4d9-10a1fd1289e6	Detection		NeuN: Ignore*	Root object (Image)	Polygon	340.57	918.5	3004.8149	559.9692	4776.0264	909.0264	0.6426	41.2711
DRG L M3_NeuN_IB4_Td-tomato_DAPI.lif - DRG L M3_coupe 2	5ad2f1ea-9e29-45df-8f6c-0335bad385fa	Detection		NeuN: Ignore*	Root object (Image)	Polygon	904.6	508.87	2614.5601	494.6044	5600.751	892.2369	0.625	38.9862
DRG L M3_NeuN_IB4_Td-tomato_DAPI.lif - DRG L M3_coupe 2	a082611a-4226-4474-97fc-9e5b5ba14613	Detection		NeuN: Ignore*	Root object (Image)	Polygon	696.4	459.23	2029.8157	914.4147	6087.1431	885.3687	0.6577	37.5826
DRG L M3_NeuN_IB4_Td-tomato_DAPI.lif - DRG L M3_coupe 2	9490774c-1b4b-4b1a-833b-35f10e0db7db	Detection		NeuN: Ignore*	Root object (Image)	Polygon	246.96	674.27	2354.8103	572.3426	4488.9351	883.621	0.6221	39.8946
DRG L M3_NeuN_IB4_Td-tomato_DAPI.lif - DRG L M3_coupe 2	1a327928-5b0e-473f-9ce8-fe80099cb147	Detection		NeuN: Ignore*	Root object (Image)	Polygon	591.22	802.51	1587.3271	625.9447	2826.1567	881.2546	0.6143	43.4378
DRG L M3_NeuN_IB4_Td-tomato_DAPI.lif - DRG L M3_coupe 2	5b31daf1-4c82-4fb6-9e69-92fd15b6363e	Detection		NeuN: Ignore*	Root object (Image)	Polygon	392.41	453.88	2046.8533	419.8532	5107.353	880.7444	0.6234	40.1059
DRG L M3_NeuN_IB4_Td-tomato_DAPI.lif - DRG L M3_coupe 2	fb8526c0-a255-4b66-865f-227a775363d6	Detection		NeuN: Ignore*: TREK1	Root object (Image)	Polygon	457.15	606.88	2374.1636	13225.21	1782.1589	873.3959	0.596	44.3571
DRG L M3_NeuN_IB4_Td-tomato_DAPI.lif - DRG L M3_coupe 2	9046ad84-3df4-4e2e-adb8-deccfe8385cf	Detection		NeuN: Ignore*	Root object (Image)	Polygon	917.53	656.51	3218.8	411.8	3366.6279	871.3959	0.6191	42.8786
DRG L M3_NeuN_IB4_Td-tomato_DAPI.lif - DRG L M3_coupe 2	e67f1b9f-c6c4-4dd9-bc3f-4399e8e79ff6	Detection		NeuN: Ignore*	Root object (Image)	Polygon	584.54	386.17	1511.4258	368.1914	7143.2441	863.73	0.6514	40.6974
DRG L M3_NeuN_IB4_Td-tomato_DAPI.lif - DRG L M3_coupe 2	7f0076e4-26bd-4685-a497-f15def5000ee	Detection		NeuN: Ignore*	Root object (Image)	Polygon	505.55	743.23	1513.3762	518.0095	3862.6572	862.2571	0.6593	39.1816
DRG L M3_NeuN_IB4_Td-tomato_DAPI.lif - DRG L M3_coupe 2	c53dc589-9502-4d88-8ebb-f9e4c8e3140f	Detection		NeuN: Ignore*	Root object (Image)	Polygon	291.3	816.86	2007.8462	544.6442	6106.0049	857.2287	0.6656	38.8578
DRG L M3_NeuN_IB4_Td-tomato_DAPI.lif - DRG L M3_coupe 2	b665e5b9-424d-480f-ac16-f9a1a536d15c	Detection		NeuN: Ignore*	Root object (Image)	Polygon	581.72	462.35	1787.4741	409.9765	5693	850.6289	0.6584	41.1077
DRG L M3_NeuN_IB4_Td-tomato_DAPI.lif - DRG L M3_coupe 2	d90cf292-61ba-4748-a0c7-f2e3c04ab6f3	Detection		NeuN: Ignore*	Root object (Image)	Polygon	593.03	350.42	1647.4904	407.9183	4539.3799	845.5035	0.5649	42.8565
DRG L M3_NeuN_IB4_Td-tomato_DAPI.lif - DRG L M3_coupe 2	dd9b1fd7-b9e0-4a12-a90a-94fb848a284a	Detection		NeuN: Ignore*	Root object (Image)	Polygon	853.48	633.02	2075.1858	551.2429	4564.5669	843.2566	0.6231	41.5438
DRG L M3_NeuN_IB4_Td-tomato_DAPI.lif - DRG L M3_coupe 2	dd17a3b6-05fc-4eb4-8fd8-bf0e406c4be6	Detection		NeuN: Ignore*	Root object (Image)	Polygon	742.04	416.33	3941.3574	489.6183	6059.2852	836.1218	0.6162	40.7842
DRG L M3_NeuN_IB4_Td-tomato_DAPI.lif - DRG L M3_coupe 2	2c700c65-9da6-4cd9-83dd-0c27911e854f	Detection		NeuN: Ignore*	Root object (Image)	Polygon	871.44	603.82	2373.4878	3603.0684	3537.3708	819.0607	0.6261	39.9674
DRG L M3_NeuN_IB4_Td-tomato_DAPI.lif - DRG L M3_coupe 2	6524748c-88c6-47d7-a278-5c56ea0e7a94	Detection		NeuN: Ignore*	Root object (Image)	Polygon	442.6	403.25	2498.2415	688.2365	6500.2905	826.3627	0.7157	35.2994
DRG L M3_NeuN_IB4_Td-tomato_DAPI.lif - DRG L M3_coupe 2	9b852bb0-9717-4cd6-b013-cbbd11ec6182	Detection		NeuN: Ignore*	Root object (Image)	Polygon	752.97	520.65	2286.3669	591.2462	5387.4424	815.1075	0.615	39.1471
DRG L M3_NeuN_IB4_Td-tomato_DAPI.lif - DRG L M3_coupe 2	9b08fcb3-d5d3-4f79-be25-adbd601621d7	Detection		NeuN: Ignore*: TREK1	Root object (Image)	Polygon	302.57	748.83	3869.9851	21005.1387	3506.406	814.2407	0.6588	35.9368
DRG L M3_NeuN_IB4_Td-tomato_DAPI.lif - DRG L M3_coupe 2	0f789670-b9a0-49f9-8c4c-12e88efb9054	Detection		NeuN: Ignore*	Root object (Image)	Polygon	562.3	422.73	1958.5781	484.9635	4525.6304	797.6278	0.5294	39.1121
DRG L M3_NeuN_IB4_Td-tomato_DAPI.lif - DRG L M3_coupe 2	c44ceaf1-6d6f-421e-b6c6-a946bcfd1b14	Detection		NeuN: IB4: Ignore*	Root object (Image)	Polygon	321.22	893.44	4252.021	508.0052	5840.3179	787.7377	0.4959	48.0694
DRG L M3_NeuN_IB4_Td-tomato_DAPI.lif - DRG L M3_coupe 2	12b99e6f-9162-48da-9621-7b58f037f935	Detection		NeuN: Ignore*	Root object (Image)	Polygon	757.76	469.67	2128.7771	506.456	4508.3989	784.0084	0.5323	45.8537
DRG L M3_NeuN_IB4_Td-tomato_DAPI.lif - DRG L M3_coupe 2	8f49a517-ef46-48f7-84be-ffec54d900e4	Detection		NeuN: Ignore*	Root object (Image)	Polygon	486.89	358.95	3178.0466	476.5492	6932.1245	782.4885	0.6352	36.0032
DRG L M3_NeuN_IB4_Td-tomato_DAPI.lif - DRG L M3_coupe 2	97ada8be-ff9f-44ab-8366-359a5c6e59c9	Detection		NeuN: Ignore*	Root object (Image)	Polygon	823.55	402.23	2002.1685	513.9158	3464.5737	782.249	0.6339	37.3669
DRG L M3_NeuN_IB4_Td-tomato_DAPI.lif - DRG L M3_coupe 2	ba37788d-6a21-4f35-8f0d-dbbceed4c5aa	Detection		NeuN: Ignore*	Root object (Image)	Polygon	458.34	368.2	2368.75	591.6719	6318.7656	778.3572	0.6169	38.1762
DRG L M3_NeuN_IB4_Td-tomato_DAPI.lif - DRG L M3_coupe 2	2a748fd3-6c29-4b3e-8003-f176e9c0a4fd	Detection		NeuN: IB4: TREK1	Root object (Image)	Polygon	349.38	785.51	4596.2354	15251.3955	3713.5562	773.8819	0.6002	37.7347
DRG L M3_NeuN_IB4_Td-tomato_DAPI.lif - DRG L M3_coupe 2	624bf106-dcfa-404d-b98d-48b9b369a8ab	Detection		NeuN: Ignore*	Root object (Image)	Polygon	573.31	334.74	1768.1428	490.9683	5769.4126	767.1331	0.6341	37.5608
DRG L M3_NeuN_IB4_Td-tomato_DAPI.lif - DRG L M3_coupe 2	0de8e12b-5dc2-4f99-87df-3c1f6b5db038	Detection		NeuN: Ignore*	Root object (Image)	Polygon	346.71	873.76	2686.7329	535.4503	4218.707	767.4924	0.4603	54.9383
DRG L M3_NeuN_IB4_Td-tomato_DAPI.lif - DRG L M3_coupe 2	c08cec8d-54a2-47a4-afa9-9541379d290e	Detection		NeuN: Ignore*	Root object (Image)	Polygon	863.45	455.32	3913.0696	477.9947	6481.0962	766.8513	0.5977	42.1032
DRG L M3_NeuN_IB4_Td-tomato_DAPI.lif - DRG L M3_coupe 2	936b7f17-c4f5-417e-b93f-24dc76924062	Detection		NeuN: Ignore*	Root object (Image)	Polygon	520.28	456.64	2264.8	460.5444	5625.4834	760.4979	0.658	37.1365
DRG L M3_NeuN_IB4_Td-tomato_DAPI.lif - DRG L M3_coupe 2	d809d321-c414-4a13-b3c8-ad2ba6dfb977	Detection		NeuN: Ignore*	Root object (Image)	Polygon	675.31	759.09	2461.8162	612.2108	2628.6865	746.6119	0.6408	37.6553
DRG L M3_NeuN_IB4_Td-tomato_DAPI.lif - DRG L M3_coupe 2	facf7d4b-b3da-4c4d-b404-6fb046bce909	Detection		NeuN: Ignore*	Root object (Image)	Polygon	730.63	465.54	2097.6318	512.3626	2830.1484	742.0007	0.6064	38.3058
DRG L M3_NeuN_IB4_Td-tomato_DAPI.lif - DRG L M3_coupe 2	a68cc29c-0a19-44a0-9d4b-fd850e1ca7e1	Detection		NeuN: Ignore*	Root object (Image)	Polygon	418.92	429.34	2902.7471	394.5843	4187.562	723.6161	0.5751	40.1625
DRG L M3_NeuN_IB4_Td-tomato_DAPI.lif - DRG L M3_coupe 2	660ed02b-6aa9-48cb-9605-c62ca88d5846	Detection		NeuN: Ignore*	Root object (Image)	Polygon	503.16	867.72	1852.2325	568.1977	2215.0059	721.2412	0.6357	36.913
DRG L M3_NeuN_IB4_Td-tomato_DAPI.lif - DRG L M3_coupe 2	696bfe4c-6891-4ca7-a1e6-8a24b3d014a0	Detection		NeuN: Ignore*	Root object (Image)	Polygon	263.23	632.12	2940.1526	410.6158	3865.2769	720.6201	0.566	42.2382
DRG L M3_NeuN_IB4_Td-tomato_DAPI.lif - DRG L M3_coupe 2	cd12142c-d4db-4c93-9032-b5f3d5d8163c	Detection		NeuN: Ignore*	Root object (Image)	Polygon	351.13	429.4	3468.1582	531.1412	5835.0508	716.7449	0.4785	47.6911
DRG L M3_NeuN_IB4_Td-tomato_DAPI.lif - DRG L M3_coupe 2	0450de97-4a06-4d09-8685-fc937e6bfa8f	Detection		NeuN: IB4: Ignore*	Root object (Image)	Polygon	834.16	617.1	4568.7007	504.6271	5046.0225	715.6273	0.6325	35.721
DRG L M3_NeuN_IB4_Td-tomato_DAPI.lif - DRG L M3_coupe 2	824a321a-daaa-45ab-b3d9-02559afe1998	Detection		NeuN: Ignore*	Root object (Image)	Polygon	882.76	487.18	2155.9485	483.2229	4983.6572	708.518	0.5925	39.6535
DRG L M3_NeuN_IB4_Td-tomato_DAPI.lif - DRG L M3_coupe 2	b243c100-e076-4c39-9b64-1f4b97bd3bfd	Detection		NeuN: Ignore*	Root object (Image)	Polygon	833.46	756.05	3608.0522	2182.8896	3944.5581	707.0063	0.5112	40.7291
DRG L M3_NeuN_IB4_Td-tomato_DAPI.lif - DRG L M3_coupe 2	35190d17-9eb5-4933-b86c-a97ed98d0658	Detection		NeuN: Ignore*	Root object (Image)	Polygon	754.61	579.51	2560.6104	527.0523	5882.6743	697.8712	0.6305	34.6481
DRG L M3_NeuN_IB4_Td-tomato_DAPI.lif - DRG L M3_coupe 2	3d6b7153-d23f-4ff1-8585-338fb5a5ea9f	Detection		NeuN: Ignore*: TREK1	Root object (Image)	Polygon	888.72	819.35	2529.5842	8570.4941	2584.5603	692.9958	0.6722	34.3803
DRG L M3_NeuN_IB4_Td-tomato_DAPI.lif - DRG L M3_coupe 2	a96270a7-41bb-4898-8edf-3cbadd2720be	Detection		NeuN: Ignore*	Root object (Image)	Polygon	879.58	674.8	1903.2096	450.0779	2398.8323	688.4976	0.642	37.074
DRG L M3_NeuN_IB4_Td-tomato_DAPI.lif - DRG L M3_coupe 2	ec3f34c0-2675-44a3-aa74-865d6d6301a5	Detection		NeuN: Ignore*	Root object (Image)	Polygon	1242	680.16	1083.0244	284.5732	1097.5061	687.137	0.6474	34.2365
DRG L M3_NeuN_IB4_Td-tomato_DAPI.lif - DRG L M3_coupe 2	b52a3ae7-aac0-41ba-bde5-bd35db703250	Detection		NeuN: Ignore*	Root object (Image)	Polygon	760.86	546.37	2648.1873	645.5555	5806.7778	686.3676	0.5954	34.2032
DRG L M3_NeuN_IB4_Td-tomato_DAPI.lif - DRG L M3_coupe 2	5a767fc1-02ef-45ae-a69e-95b1d65a5934	Detection		NeuN: Ignore*	Root object (Image)	Polygon	627.68	347.99	2497.1716	437.3491	5621.9526	682.121	0.6122	38.5109
DRG L M3_NeuN_IB4_Td-tomato_DAPI.lif - DRG L M3_coupe 2	fc9ef7f1-4260-4110-ace6-0c5416311d62	Detection		NeuN: Ignore*	Root object (Image)	Polygon	399.58	916.67	1921.2322	494.5893	5320.3335	678.8582	0.6629	33.0475
DRG L M3_NeuN_IB4_Td-tomato_DAPI.lif - DRG L M3_coupe 2	e8c1bd7c-1e2d-4770-9f3a-95b9e4ea90c4	Detection		NeuN: Ignore*	Root object (Image)	Polygon	534.8	478	1371.7665	317.8383	4031.3772	677.7389	0.6343	35.2556
DRG L M3_NeuN_IB4_Td-tomato_DAPI.lif - DRG L M3_coupe 2	d179c627-3223-40ec-84df-4acc3c6c0c78	Detection		NeuN: Ignore*	Root object (Image)	Polygon	909.34	585.54	1743.9031	454.7455	7272.5938	671.8676	0.5445	37.8484
DRG L M3_NeuN_IB4_Td-tomato_DAPI.lif - DRG L M3_coupe 2	90377618-314d-4bbe-aad3-22630df39f6c	Detection		NeuN: Ignore*	Root object (Image)	Polygon	320.59	506.84	2245.4277	430.7289	3403.6204	669.886	0.6248	38.2772
DRG L M3_NeuN_IB4_Td-tomato_DAPI.lif - DRG L M3_coupe 2	ecff5a2f-e0ca-41b7-99c8-af51cbc44d33	Detection		NeuN: Ignore*	Root object (Image)	Polygon	959.54	769.73	2091.4602	705.957	6363.46	663.2214	0.598	35.3335
DRG L M3_NeuN_IB4_Td-tomato_DAPI.lif - DRG L M3_coupe 2	7a29c360-add8-4b37-818e-5e642a97a81e	Detection		NeuN: Ignore*	Root object (Image)	Polygon	942.29	571.09	1891.3875	414.875	6452.1123	651.5021	0.5685	40.8725
DRG L M3_NeuN_IB4_Td-tomato_DAPI.lif - DRG L M3_coupe 2	1a08c1ea-4276-4f65-bc56-ae3158c15e5b	Detection		NeuN: IB4: Ignore*	Root object (Image)	Polygon	297.73	539.68	4387.8311	418.325	3819.6187	649.6175	0.6068	34.8106
DRG L M3_NeuN_IB4_Td-tomato_DAPI.lif - DRG L M3_coupe 2	2bcf7314-ca7a-4c27-bd6c-b9bdad274b7a	Detection		NeuN: Ignore*	Root object (Image)	Polygon	775.17	569.22	2872.7786	578.4367	4909.2344	644.2484	0.5247	35.5871
DRG L M3_NeuN_IB4_Td-tomato_DAPI.lif - DRG L M3_coupe 2	5a0b3c04-dff4-43dd-ae3c-d2eaa1ea542a	Detection		NeuN: Ignore*	Root object (Image)	Polygon	832.99	436.8	3529.8535	397.5478	4725.3501	643.7761	0.5663	38.7642
DRG L M3_NeuN_IB4_Td-tomato_DAPI.lif - DRG L M3_coupe 2	1daa13aa-49a7-4cd1-ab23-f7476650a1ef	Detection		NeuN: Ignore*	Root object (Image)	Polygon	706.49	317.59	2841	611.8165	8599.7783	643.3604	0.5801	37.272
DRG L M3_NeuN_IB4_Td-tomato_DAPI.lif - DRG L M3_coupe 2	b309b4b3-63fb-435e-a487-e869047f4eb0	Detection		NeuN: Ignore*	Root object (Image)	Polygon	899.31	783.52	1917.4523	509.4395	4718.4141	640.7592	0.5351	40.6062
DRG L M3_NeuN_IB4_Td-tomato_DAPI.lif - DRG L M3_coupe 2	3670bf59-a066-478e-8338-1f8f7ee66933	Detection		NeuN: Ignore*: TREK1	Root object (Image)	Polygon	760.84	830.05	2544.0264	6919.4146	1521.3092	636.3616	0.4497	47.4595
DRG L M3_NeuN_IB4_Td-tomato_DAPI.lif - DRG L M3_coupe 2	f18b84c0-8a62-4f1f-9d1f-f3356c82f0cb	Detection		NeuN: Ignore*	Root object (Image)	Polygon	562.52	371.37	1599.0649	390.6364	6159.5454	613.1209	0.6582	32.866
DRG L M3_NeuN_IB4_Td-tomato_DAPI.lif - DRG L M3_coupe 2	fb997f00-dc0d-4c69-928d-e2259a171cea	Detection		NeuN: Ignore*	Root object (Image)	Polygon	425.86	383.55	2083.1882	554.7338	6254.9546	632.4988	0.6128	35.4177
DRG L M3_NeuN_IB4_Td-tomato_DAPI.lif - DRG L M3_coupe 2	50a1e796-4fb9-4cf1-a2b8-6b03828f4723	Detection		NeuN: Ignore*: TREK1	Root object (Image)	Polygon	550.31	689.87	2222.5527	10123.4805	1525.625	627.4917	0.6641	33.8121
DRG L M3_NeuN_IB4_Td-tomato_DAPI.lif - DRG L M3_coupe 2	e18f2ca8-3d7a-4e09-b29d-941957cf7e9d	Detection		NeuN: Ignore*	Root object (Image)	Polygon	488.37	402.66	3990.1782	364.6369	6830.1782	624.497	0.6357	33.4472
DRG L M3_NeuN_IB4_Td-tomato_DAPI.lif - DRG L M3_coupe 2	bebdef67-8d4c-4e52-b4a4-7b56711f79a2	Detection		NeuN: Ignore*	Root object (Image)	Polygon	949.8	626.01	3091.729	391.9613	5011.5483	624.7504	0.6922	34.7289
DRG L M3_NeuN_IB4_Td-tomato_DAPI.lif - DRG L M3_coupe 2	03805196-9b20-4c24-b781-b76b9b55d598	Detection		NeuN: Ignore*	Root object (Image)	Polygon	514.08	378.17	1443.0806	360.2617	2319.4294	622.3707	0.6102	37.9652
DRG L M3_NeuN_IB4_Td-tomato_DAPI.lif - DRG L M3_coupe 2	168a8ecb-51fa-4035-8a6e-530ca789de51	Detection		NeuN: Ignore*	Root object (Image)	Polygon	562.65	886.15	1809.9867	368.808	2609.6821	620.6217	0.5869	34.2342
DRG L M3_NeuN_IB4_Td-tomato_DAPI.lif - DRG L M3_coupe 2	286f7e55-b822-4b64-94f2-8badc2883759	Detection		NeuN: Ignore*	Root object (Image)	Polygon	455.91	879.21	1517.2345	468.3655	4169.2827	592.0475	0.6096	34.8479
DRG L M3_NeuN_IB4_Td-tomato_DAPI.lif - DRG L M3_coupe 2	7bb60d1f-cb1f-437f-96a4-6a48018a90ce	Detection		NeuN: Ignore*	Root object (Image)	Polygon	726.81	351.69	2075.5032	502.3936	8481.877	616.501	0.6048	33.6238
DRG L M3_NeuN_IB4_Td-tomato_DAPI.lif - DRG L M3_coupe 2	9805a204-ea92-4288-9400-2ddbd0bbf09c	Detection		NeuN: Ignore*	Root object (Image)	Polygon	720.27	401.72	3885.9675	489.0325	5827.9414	615.0032	0.6457	32.7597
DRG L M3_NeuN_IB4_Td-tomato_DAPI.lif - DRG L M3_coupe 2	9aa8fc28-6e1c-4f47-94f9-895e5ccf7829	Detection		NeuN: Ignore*	Root object (Image)	Polygon	250.52	556.82	1897.0265	738.0199	3424.2915	614.3691	0.6738	30.946
DRG L M3_NeuN_IB4_Td-tomato_DAPI.lif - DRG L M3_coupe 2	03a75a13-61b5-4aec-b84c-81f2bd585951	Detection		NeuN: IB4: Ignore*	Root object (Image)	Polygon	546.19	451.72	4179.5815	420.2222	5790.9736	606.8666	0.6269	33.3165
DRG L M3_NeuN_IB4_Td-tomato_DAPI.lif - DRG L M3_coupe 2	f88b1466-44df-40fb-b7af-842ed21890d3	Detection		NeuN: IB4: Ignore*	Root object (Image)	Polygon	733.55	594.17	5356.8857	439.953	4758.624	603.7524	0.6506	33.6561
DRG L M3_NeuN_IB4_Td-tomato_DAPI.lif - DRG L M3_coupe 2	df7256e6-a618-44cf-80b2-dba5d82acee6	Detection		NeuN: Ignore*	Root object (Image)	Polygon	597.79	427.6	1708.3103	366.9793	8069.0137	601.3845	0.6502	31.9613
DRG L M3_NeuN_IB4_Td-tomato_DAPI.lif - DRG L M3_coupe 2	39c8e4ef-bf73-4611-a92a-5287f3ead925	Detection		NeuN: Ignore*	Root object (Image)	Polygon	365.13	442.38	2081.1619	509.169	4691.3452	593.4922	0.6273	33.2403
DRG L M3_NeuN_IB4_Td-tomato_DAPI.lif - DRG L M3_coupe 2	ec4f3a32-54a9-4d57-a890-0d3f45017c82	Detection		NeuN: Ignore*	Root object (Image)	Polygon	349.59	474.36	1889.6897	448.2758	5899.2139	588.4885	0.6164	35.4025
DRG L M3_NeuN_IB4_Td-tomato_DAPI.lif - DRG L M3_coupe 2	36a50669-6f85-4d37-95f2-fd76122ffd1d	Detection		NeuN: Ignore*	Root object (Image)	Polygon	875.08	515.86	1976.7483	473.021	6457.1538	575.03	0.6763	35.304
DRG L M3_NeuN_IB4_Td-tomato_DAPI.lif - DRG L M3_coupe 2	fcd7c399-24ad-42ae-94cc-32bc6da0f315	Detection		NeuN: Ignore*	Root object (Image)	Polygon	309.69	867.81	2308.6377	483.1522	5714.9204	567.7477	0.6462	30.7019
DRG L M3_NeuN_IB4_Td-tomato_DAPI.lif - DRG L M3_coupe 2	a710c73b-af2c-482c-956e-06fb8d704648	Detection		NeuN: Ignore*	Root object (Image)	Polygon	276.24	739.79	3027.7986	1882.2302	4791.7983	576.4948	0.6536	29.7037
DRG L M3_NeuN_IB4_Td-tomato_DAPI.lif - DRG L M3_coupe 2	b9711a02-9c71-4aac-9c4b-27976dc63da2	Detection		NeuN: Ignore*	Root object (Image)	Polygon	669.55	476.51	1881.4071	2189.1428	3690.3501	573.6263	0.6389	30.6501
DRG L M3_NeuN_IB4_Td-tomato_DAPI.lif - DRG L M3_coupe 2	3d387e0e-0bf6-4383-a157-6f6b14db3cfd	Detection		NeuN: Ignore*	Root object (Image)	Polygon	946.73	549.92	2216.355	577.9203	5756.9131	567.7448	0.6454	32.5006
DRG L M3_NeuN_IB4_Td-tomato_DAPI.lif - DRG L M3_coupe 2	18c61287-214f-4763-961b-d46e2ad95a8e	Detection		NeuN: Ignore*	Root object (Image)	Polygon	319.77	550.57	1663.2014	394.5486	2097.2153	563.3902	0.553	38.3271
DRG L M3_NeuN_IB4_Td-tomato_DAPI.lif - DRG L M3_coupe 2	a0b2958a-cfc5-4b18-96a8-89e3814d584d	Detection		NeuN: Ignore*	Root object (Image)	Polygon	664.47	780.39	1805.5146	507.7574	1518.5515	561.2662	0.6339	31.7601
DRG L M3_NeuN_IB4_Td-tomato_DAPI.lif - DRG L M3_coupe 2	b49799f9-4ecb-41e5-95dc-bdddc1060582	Detection		NeuN: Ignore*	Root object (Image)	Polygon	792.64	542.77	3942.0215	537.4604	6040.3667	557.631	0.4862	37.7204
DRG L M3_NeuN_IB4_Td-tomato_DAPI.lif - DRG L M3_coupe 2	882b216c-d506-484b-aaeb-253d4a40165c	Detection		NeuN: IB4: Ignore*	Root object (Image)	Polygon	754.99	762.98	4048.9558	346.8162	3881.8604	551.6295	0.6277	36.0029
DRG L M3_NeuN_IB4_Td-tomato_DAPI.lif - DRG L M3_coupe 2	f3bf03c8-71e4-411b-b3c5-f4b77c5785c8	Detection		NeuN: IB4: Ignore*	Root object (Image)	Polygon	335.82	520.35	4605.6616	456.1923	4680.854	550.6287	0.6286	31.843
DRG L M3_NeuN_IB4_Td-tomato_DAPI.lif - DRG L M3_coupe 2	8b701dcf-d7bb-4c07-8f8b-80f666a7fbf8	Detection		NeuN: Ignore*	Root object (Image)	Polygon	935.3	681.99	1771.9633	403.7059	3794.5515	550.7371	0.6163	31.3804
DRG L M3_NeuN_IB4_Td-tomato_DAPI.lif - DRG L M3_coupe 2	b14e7527-a6db-4e81-8f9b-f1814649c468	Detection		NeuN: Ignore*	Root object (Image)	Polygon	850.94	472.32	1975.6423	488.146	3389.533	548.1357	0.5742	33.0577
DRG L M3_NeuN_IB4_Td-tomato_DAPI.lif - DRG L M3_coupe 2	bfaf223e-efbe-42ad-86f5-7350d64bebdd	Detection		NeuN: IB4: Ignore*	Root object (Image)	Polygon	798.72	442.13	4391.606	538.9924	5180.1362	546.8718	0.6232	32.0046
DRG L M3_NeuN_IB4_Td-tomato_DAPI.lif - DRG L M3_coupe 2	e218efe9-8aaf-4ea9-bfb5-05a0dd5dc10f	Detection		NeuN: Ignore*	Root object (Image)	Polygon	339.13	836.49	1807.752	431.5349	2272.248	545.8958	0.6575	31.7656
DRG L M3_NeuN_IB4_Td-tomato_DAPI.lif - DRG L M3_coupe 2	ec2f35f0-05fd-413a-bb2b-3bcc1d7cd6b8	Detection		NeuN: Ignore*	Root object (Image)	Polygon	968.65	612.76	3038.387	389.5547	5824.8979	544.2601	0.6565	29.9128
DRG L M3_NeuN_IB4_Td-tomato_DAPI.lif - DRG L M3_coupe 2	5384de5a-165a-493b-9aed-f19e34e32755	Detection		NeuN: Ignore*	Root object (Image)	Polygon	539.1	353.1	1836.2213	487.3969	4920.7402	543.7531	0.6818	31.7832
DRG L M3_NeuN_IB4_Td-tomato_DAPI.lif - DRG L M3_coupe 2	0dd3bc95-f6b8-4361-a30f-344fc142181f	Detection		NeuN: Ignore*	Root object (Image)	Polygon	949.54	646.78	3524.5037	396.6316	5122.3457	543.8506	0.6284	32.8366
DRG L M3_NeuN_IB4_Td-tomato_DAPI.lif - DRG L M3_coupe 2	1514d24b-f900-41c8-a084-7152f8a8c8cf	Detection		NeuN: IB4: Ignore*	Root object (Image)	Polygon	338.94	810.82	5380	1146.1692	5388.9536	541.502	0.6479	31.0321
DRG L M3_NeuN_IB4_Td-tomato_DAPI.lif - DRG L M3_coupe 2	df45920f-59d0-4dfb-8d5e-6e032719aa16	Detection		NeuN: Ignore*	Root object (Image)	Polygon	698.07	338.57	1993.5927	477.0593	6355.1479	541.2369	0.653	31.6758
DRG L M3_NeuN_IB4_Td-tomato_DAPI.lif - DRG L M3_coupe 2	6b8901ba-dd44-4ae7-b7a6-7f7f0fa4ad2d	Detection		NeuN: Ignore*	Root object (Image)	Polygon	366.36	904.87	2072.2092	574.4186	2251.7131	541.6214	0.6719	29.8637
DRG L M3_NeuN_IB4_Td-tomato_DAPI.lif - DRG L M3_coupe 2	1dd96455-b144-4050-af9a-8d3e2708175d	Detection		NeuN: Ignore*	Root object (Image)	Polygon	288.24	514.4	3937.2332	453.9624	6601.5415	541.245	0.6633	31.3277
DRG L M3_NeuN_IB4_Td-tomato_DAPI.lif - DRG L M3_coupe 2	429c8724-cada-4f6d-ab8c-9b4be94e5e7a	Detection		NeuN: Ignore*	Root object (Image)	Polygon	517.44	431.73	2164.053	498.4243	5952.2881	540.3765	0.6683	31.2129
DRG L M3_NeuN_IB4_Td-tomato_DAPI.lif - DRG L M3_coupe 2	6755d07e-a52c-4bd7-ac36-9da0c48964a2	Detection		NeuN: Ignore*	Root object (Image)	Polygon	702.6	558.51	1499.7924	382.3539	2402.3462	534.8647	0.4643	38.345
DRG L M3_NeuN_IB4_Td-tomato_DAPI.lif - DRG L M3_coupe 2	ddfd43da-1bce-4b47-8064-1f48e94f0387	Detection		NeuN: Ignore*	Root object (Image)	Polygon	585.97	664.54	1601.084	444.1527	3402.6565	531.625	0.575	38.0821
DRG L M3_NeuN_IB4_Td-tomato_DAPI.lif - DRG L M3_coupe 2	5384587a-d947-41d6-872f-a1f627ecd4c1	Detection		NeuN: Ignore*	Root object (Image)	Polygon	635.16	790.73	1967.9219	404.8516	1824.0078	530.1148	0.5894	36.8765
DRG L M3_NeuN_IB4_Td-tomato_DAPI.lif - DRG L M3_coupe 2	7ceb4c1c-ad79-47d1-8d4e-6fda30a737f9	Detection		NeuN: Ignore*	Root object (Image)	Polygon	714.64	426.89	3939.3228	497.4724	4367.5039	530.5059	0.6557	29.6179
DRG L M3_NeuN_IB4_Td-tomato_DAPI.lif - DRG L M3_coupe 2	078c44e7-be71-481f-a911-a65d5081fd92	Detection		NeuN: Ignore*	Root object (Image)	Polygon	262.57	707.63	2097.1162	641.7442	7570.3335	526.3751	0.5467	33.465
DRG L M3_NeuN_IB4_Td-tomato_DAPI.lif - DRG L M3_coupe 2	a0043b5c-e873-4826-9229-50ae4472d2a1	Detection		NeuN: Ignore*	Root object (Image)	Polygon	847.49	546.76	2795.7063	332.8413	4762.2144	525.7708	0.6554	32.3826
DRG L M3_NeuN_IB4_Td-tomato_DAPI.lif - DRG L M3_coupe 2	2b84077b-5db5-4754-9945-8278b44fa1de	Detection		NeuN: Ignore*	Root object (Image)	Polygon	903.38	567.17	2019.3516	484.3828	6891.1797	523.502	0.5481	37.4224
DRG L M3_NeuN_IB4_Td-tomato_DAPI.lif - DRG L M3_coupe 2	49ce0cc9-2f86-422d-b5dd-32de58126091	Detection		NeuN: Ignore*	Root object (Image)	Polygon	847.28	674.81	1494.6744	413.4574	2466.7288	520.1318	0.6423	29.2039
DRG L M3_NeuN_IB4_Td-tomato_DAPI.lif - DRG L M3_coupe 2	8f0d1bd2-0476-4e8c-8fda-7e3c8eaa0e55	Detection		NeuN: Ignore*	Root object (Image)	Polygon	329.73	453.19	3445.9683	467.6587	4338.6826	518.2568	0.692	28.9667
DRG L M3_NeuN_IB4_Td-tomato_DAPI.lif - DRG L M3_coupe 2	c96c58a9-e380-4570-a3b4-fd0bce258e5f	Detection		NeuN: IB4: Ignore*	Root object (Image)	Polygon	699.31	397.58	4611.3789	420.2903	7350.7583	517.8715	0.689	30.9501
DRG L M3_NeuN_IB4_Td-tomato_DAPI.lif - DRG L M3_coupe 2	411778f5-5f6e-4a68-8839-50ae1655b49a	Detection		NeuN: Ignore*	Root object (Image)	Polygon	547.78	329.25	1823.3032	516.7049	4373.959	516.6182	0.6778	29.5296
DRG L M3_NeuN_IB4_Td-tomato_DAPI.lif - DRG L M3_coupe 2	e5477064-659c-4362-af37-f30165e1fef9	Detection		NeuN: Ignore*	Root object (Image)	Polygon	805.94	460.27	3528.4062	472.2656	4658.3359	514.0027	0.5522	37.5866
DRG L M3_NeuN_IB4_Td-tomato_DAPI.lif - DRG L M3_coupe 2	92710d05-dd0d-4a0b-ade0-c0f7d85ed240	Detection		NeuN: Ignore*	Root object (Image)	Polygon	390.78	942.01	1883.4147	407.0569	5377.3008	513.8712	0.5805	36.1158
DRG L M3_NeuN_IB4_Td-tomato_DAPI.lif - DRG L M3_coupe 2	afd9fb2d-1ece-4d0c-9672-f1bc86a94083	Detection		NeuN: Ignore*	Root object (Image)	Polygon	740.89	338.69	2246.3936	518.7459	7166.1802	508.8781	0.5265	40.7353
DRG L M3_NeuN_IB4_Td-tomato_DAPI.lif - DRG L M3_coupe 2	7366fb4f-828c-49e5-bca9-5daef94aa712	Detection		NeuN: Ignore*	Root object (Image)	Polygon	432.74	900.62	1604.9708	455.8058	3648.6797	437.955	0.5212	36.3996
DRG L M3_NeuN_IB4_Td-tomato_DAPI.lif - DRG L M3_coupe 2	c241e349-5ed9-452a-91fb-57ec9a3d763e	Detection		NeuN: IB4: Ignore*	Root object (Image)	Polygon	814.94	481.15	4190.7256	435.6935	6833.3711	503.8743	0.5969	31.5595
DRG L M3_NeuN_IB4_Td-tomato_DAPI.lif - DRG L M3_coupe 2	33dc3518-1bb0-47d0-ae6b-20064bf0fe7a	Detection		NeuN: Ignore*	Root object (Image)	Polygon	267.47	530.35	1690.3967	404.7355	3478.9917	500.8648	0.628	30.502
DRG L M3_NeuN_IB4_Td-tomato_DAPI.lif - DRG L M3_coupe 2	b74f2220-bdac-4aec-acbf-85e8190b4f7d	Detection		NeuN: Ignore*	Root object (Image)	Polygon	541.01	387.56	3926.9512	390.1951	5957.187	496.4724	0.6742	27.7507
DRG L M3_NeuN_IB4_Td-tomato_DAPI.lif - DRG L M3_coupe 2	6c9952d6-9ec6-42b3-a3d5-17eaef996b72	Detection		NeuN: IB4: Ignore*	Root object (Image)	Polygon	796.62	560.95	4029.8181	436.281	6032.1733	493.8759	0.6489	29.1568
DRG L M3_NeuN_IB4_Td-tomato_DAPI.lif - DRG L M3_coupe 2	ba13194c-474b-4cf4-a375-dce49a5180eb	Detection		NeuN: Ignore*	Root object (Image)	Polygon	260.5	783.61	3161.9834	665.8595	5345.4546	490.4048	0.5976	31.8382
DRG L M3_NeuN_IB4_Td-tomato_DAPI.lif - DRG L M3_coupe 2	d3e046fb-852e-46ec-bf92-9bc97dcf6248	Detection		NeuN: IB4: Ignore*	Root object (Image)	Polygon	363.98	847.7	4324.4253	463.9043	4763.2236	397.9686	0.4317	28.6937
DRG L M3_NeuN_IB4_Td-tomato_DAPI.lif - DRG L M3_coupe 2	604adac7-c6a4-4f46-81d9-9b24a54d1021	Detection		NeuN: Ignore*	Root object (Image)	Polygon	567.29	728.43	3487.1833	409.1667	2369.6167	488.2666	0.6533	30.415
DRG L M3_NeuN_IB4_Td-tomato_DAPI.lif - DRG L M3_coupe 2	759558af-5f68-4574-a1dd-6093a962452e	Detection		NeuN: IB4: Ignore*	Root object (Image)	Polygon	785.72	389.5	4779.1582	472.95	4856.7832	488.2464	0.5661	30.9264
DRG L M3_NeuN_IB4_Td-tomato_DAPI.lif - DRG L M3_coupe 2	ec8f23f9-a6c2-4762-8166-542d066932df	Detection		NeuN: Ignore*	Root object (Image)	Polygon	753.06	443.11	2306.479	480.0672	6216.9746	485.7439	0.5548	35.8454
DRG L M3_NeuN_IB4_Td-tomato_DAPI.lif - DRG L M3_coupe 2	3fbb7017-b299-4722-b382-f1691237f703	Detection		NeuN: Ignore*	Root object (Image)	Polygon	825.08	784.06	2421.6553	607.7845	4247.2588	480.3839	0.5829	30.2078
DRG L M3_NeuN_IB4_Td-tomato_DAPI.lif - DRG L M3_coupe 2	0d69552a-8c96-41c2-bdd3-4362a4d35749	Detection		NeuN: Ignore*: TREK1	Root object (Image)	Polygon	858.09	820.15	1998.7288	7261.729	3068.5168	476.3298	0.6135	32.8995
DRG L M3_NeuN_IB4_Td-tomato_DAPI.lif - DRG L M3_coupe 2	66d6104a-b466-4056-81ab-04002a72c558	Detection		NeuN: Ignore*	Root object (Image)	Polygon	388.29	563.18	2225.6411	880.2137	4135.8804	475.38	0.6076	28.1577
DRG L M3_NeuN_IB4_Td-tomato_DAPI.lif - DRG L M3_coupe 2	0f9b73c1-9540-4913-ad02-bf278044ec4d	Detection		NeuN: Ignore*	Root object (Image)	Polygon	675.16	531.33	1780.0431	402.1293	3177.7585	475.1313	0.6551	28.1862
DRG L M3_NeuN_IB4_Td-tomato_DAPI.lif - DRG L M3_coupe 2	cf9fc6e6-f6f2-4a81-9faf-6683365c72c5	Detection		NeuN: Ignore*	Root object (Image)	Polygon	507.86	351.03	1701.6982	800.3276	8340.3711	474.3826	0.5885	31.241
DRG L M3_NeuN_IB4_Td-tomato_DAPI.lif - DRG L M3_coupe 2	49db1200-4af1-42a8-9ce5-3eb69f3917f4	Detection		NeuN: Ignore*	Root object (Image)	Polygon	424.95	931.36	2254.1636	491.9636	3696.6001	474.1433	0.5776	34.6787
DRG L M3_NeuN_IB4_Td-tomato_DAPI.lif - DRG L M3_coupe 2	8060a178-89c9-4a56-9018-5967f17efd39	Detection		NeuN: IB4: Ignore*	Root object (Image)	Polygon	356.55	545.41	4138.144	504.8018	2253.8469	472.2524	0.654	29.4706
DRG L M3_NeuN_IB4_Td-tomato_DAPI.lif - DRG L M3_coupe 2	12f11ed2-f857-46ba-ae3c-8f323acab82c	Detection		NeuN: Ignore*	Root object (Image)	Polygon	920.57	633.14	3060.938	441.2213	4753.124	468.8722	0.5777	33.794
DRG L M3_NeuN_IB4_Td-tomato_DAPI.lif - DRG L M3_coupe 2	ab1f4aad-80f4-4315-92f4-eeeba59c9960	Detection		NeuN: Ignore*	Root object (Image)	Polygon	832.22	723.9	2422.7168	399.9026	3630.4956	465.0011	0.6666	31.0348
DRG L M3_NeuN_IB4_Td-tomato_DAPI.lif - DRG L M3_coupe 2	aff2de96-c030-49ad-b8b9-a7bc83bed479	Detection		NeuN: Ignore*: TREK1	Root object (Image)	Polygon	235.94	578.96	2949.9465	8247.8037	3513.1072	463.8687	0.6142	29.9654
DRG L M3_NeuN_IB4_Td-tomato_DAPI.lif - DRG L M3_coupe 2	40407341-e28a-41b4-84b8-29d5b72ab42b	Detection		NeuN: Ignore*	Root object (Image)	Polygon	696.25	536.62	3986.3071	437.4386	5775.6143	463.3743	0.6302	28.3331
DRG L M3_NeuN_IB4_Td-tomato_DAPI.lif - DRG L M3_coupe 2	bdeba2d7-0324-4f97-8fed-8ef084f95910	Detection		NeuN: Ignore*	Root object (Image)	Polygon	690.4	434.39	3941.23	530.5752	6321.2124	463.3663	0.6192	32.1415
DRG L M3_NeuN_IB4_Td-tomato_DAPI.lif - DRG L M3_coupe 2	fb19f3f0-712d-4a5c-94ee-3fd84baa6f5a	Detection		NeuN: Ignore*	Root object (Image)	Polygon	630.85	464.88	2571.5	340	2066.9363	458.8683	0.669	28.5329
DRG L M3_NeuN_IB4_Td-tomato_DAPI.lif - DRG L M3_coupe 2	14e5f8d1-3630-4ce0-89b0-763083f96d90	Detection		NeuN: Ignore*	Root object (Image)	Polygon	806.78	623.33	3141.1204	390.7963	3537.8518	456.7379	0.6109	30.9232
DRG L M3_NeuN_IB4_Td-tomato_DAPI.lif - DRG L M3_coupe 2	5a970680-c13d-407b-b77f-95999a836f55	Detection		NeuN: Ignore*	Root object (Image)	Polygon	738.28	677.87	1820.0555	515.1389	2188.6111	451.3684	0.5826	34.301
DRG L M3_NeuN_IB4_Td-tomato_DAPI.lif - DRG L M3_coupe 2	b46d0467-b32e-47d4-b0f4-0ac5a2dff604	Detection		NeuN: Ignore*	Root object (Image)	Polygon	496.74	455.46	1638.6	352.6953	3193.4189	449.505	0.6689	28.2868
DRG L M3_NeuN_IB4_Td-tomato_DAPI.lif - DRG L M3_coupe 2	edb76818-8af0-4791-b43f-2c72a08bc871	Detection		NeuN: Ignore*	Root object (Image)	Polygon	980.96	645.84	1980.9182	513.1727	2314.5	449.5013	0.4633	35.5567
DRG L M3_NeuN_IB4_Td-tomato_DAPI.lif - DRG L M3_coupe 2	bed77c7e-4c07-443f-a556-fe09768620bd	Detection		NeuN: IB4: TREK1	Root object (Image)	Polygon	253.99	758.9	4561.7524	15835.3486	2993.5413	449.4892	0.6657	28.7825
DRG L M3_NeuN_IB4_Td-tomato_DAPI.lif - DRG L M3_coupe 2	9ceedd63-3184-4bfd-b5db-a874807ad6dd	Detection		NeuN: Ignore*	Root object (Image)	Polygon	881.2	578.65	1903.9266	466.844	7048.624	449.1118	0.6489	28.4346
DRG L M3_NeuN_IB4_Td-tomato_DAPI.lif - DRG L M3_coupe 2	31cfe800-a1c8-47d7-9628-4ba0ec7525c1	Detection		NeuN: Ignore*	Root object (Image)	Polygon	810.64	379.06	2408.6545	672.7091	5521.1816	448.0042	0.6151	32.202
DRG L M3_NeuN_IB4_Td-tomato_DAPI.lif - DRG L M3_coupe 2	28043a77-7b34-4ab3-bb0f-aa732c99193d	Detection		NeuN: IB4: Ignore*	Root object (Image)	Polygon	789.14	483.81	4204.7002	433.0454	6775.9092	447.7587	0.6743	28.3156
DRG L M3_NeuN_IB4_Td-tomato_DAPI.lif - DRG L M3_coupe 2	50601af9-9c00-406e-8eb1-9c4052f15cbb	Detection		NeuN: Ignore*	Root object (Image)	Polygon	853.18	409	2037.8948	498.3333	3604.8596	443.7412	0.4505	36.3365
DRG L M3_NeuN_IB4_Td-tomato_DAPI.lif - DRG L M3_coupe 2	c89619cb-7405-4926-ad68-f8a5140d1937	Detection		NeuN: Ignore*	Root object (Image)	Polygon	865.2	710.28	1781.3982	458.6018	3608.8333	443.621	0.6589	27.7447
DRG L M3_NeuN_IB4_Td-tomato_DAPI.lif - DRG L M3_coupe 2	8bd50f65-b9c7-4e16-8af7-1f8af528a120	Detection		NeuN: IB4: Ignore*	Root object (Image)	Polygon	393.6	407.95	4659.2202	664.4	5501.4399	439.6155	0.4922	36.9125
DRG L M3_NeuN_IB4_Td-tomato_DAPI.lif - DRG L M3_coupe 2	73cb27ba-e31b-4ab9-92af-fc50c4488cd2	Detection		NeuN: Ignore*	Root object (Image)	Polygon	253.93	721.48	2074.6035	567.973	8490.7207	438.2582	0.6036	31.1444
DRG L M3_NeuN_IB4_Td-tomato_DAPI.lif - DRG L M3_coupe 2	1b37c2dc-3fba-452e-85a3-a1f5273df31c	Detection		NeuN: Ignore*	Root object (Image)	Polygon	695.49	661.7	3774.7129	379.0297	2591.4456	433.0043	0.616	31.8182
DRG L M3_NeuN_IB4_Td-tomato_DAPI.lif - DRG L M3_coupe 2	b51ecd35-61ea-4c47-af64-8c174c5b1a0a	Detection		NeuN: Ignore*	Root object (Image)	Polygon	887.68	656.5	1980.9897	384.6082	4275.3506	405.1336	0.6322	26.6619
DRG L M3_NeuN_IB4_Td-tomato_DAPI.lif - DRG L M3_coupe 2	c29a1b2f-b027-4e9c-8154-1ac0adf8ec52	Detection		NeuN: Ignore*	Root object (Image)	Polygon	812.63	692.83	1875.0699	363.23	1887.12	422.8618	0.6463	28.8528
DRG L M3_NeuN_IB4_Td-tomato_DAPI.lif - DRG L M3_coupe 2	d1b29bf6-2dab-48b9-9260-962140c725bb	Detection		NeuN: IB4: Ignore*	Root object (Image)	Polygon	278.84	767.91	6468.8208	1162.9529	6534.9717	420.1173	0.6493	27.2447
DRG L M3_NeuN_IB4_Td-tomato_DAPI.lif - DRG L M3_coupe 2	4f9b664a-e998-45ac-a22a-0b30f550e34c	Detection		NeuN: Ignore*	Root object (Image)	Polygon	526.16	402.71	3737.6892	384.9612	6211.5435	412.6945	0.5699	28.0073
DRG L M3_NeuN_IB4_Td-tomato_DAPI.lif - DRG L M3_coupe 2	05a7a4cd-5f14-49f7-a153-6d1604ff0b0b	Detection		NeuN: Ignore*	Root object (Image)	Polygon	769.15	411.4	2069.5195	500.0784	4301.9805	416.3622	0.7079	25.7794
DRG L M3_NeuN_IB4_Td-tomato_DAPI.lif - DRG L M3_coupe 2	1d3da4a8-df94-40fe-80ec-ac6d9fdedd7c	Detection		NeuN: Ignore*	Root object (Image)	Polygon	859.39	731.53	1454.9166	373.2396	2307.3333	414.878	0.6837	27.3359
DRG L M3_NeuN_IB4_Td-tomato_DAPI.lif - DRG L M3_coupe 2	c845026e-310a-490e-b80c-ab03ee33aa23	Detection		NeuN: Ignore*	Root object (Image)	Polygon	816.22	516.45	2513.6931	395.099	5844.5249	414.3653	0.6103	26.9699
DRG L M3_NeuN_IB4_Td-tomato_DAPI.lif - DRG L M3_coupe 2	90e870a3-8bad-475a-94c0-3b0ab5422bf7	Detection		NeuN: Ignore*	Root object (Image)	Polygon	645.66	503.03	1716.6666	458.3333	2402.9509	411.2389	0.6505	26.1717
DRG L M3_NeuN_IB4_Td-tomato_DAPI.lif - DRG L M3_coupe 2	ee8ca0af-25a9-4bd1-bd1d-63a13bd5c56f	Detection		NeuN: Ignore*	Root object (Image)	Polygon	357.52	592.53	1326.7084	367.9688	2282.7292	410.0104	0.6023	27.4055
DRG L M3_NeuN_IB4_Td-tomato_DAPI.lif - DRG L M3_coupe 2	82a111e0-9455-4d7c-b6d2-52d670391c99	Detection		NeuN: Ignore*	Root object (Image)	Polygon	574.03	858.52	2177.9583	702.25	1610.4688	392.5007	0.5908	29.1216
DRG L M3_NeuN_IB4_Td-tomato_DAPI.lif - DRG L M3_coupe 2	2d0dc151-42da-4747-a82d-76dd5354ef78	Detection		NeuN: Ignore*	Root object (Image)	Polygon	541.2	891.63	1827.1333	319.0667	1816.1666	392.3745	0.6581	27.2286
DRG L M3_NeuN_IB4_Td-tomato_DAPI.lif - DRG L M3_coupe 2	7e3b1ece-4f97-4dcc-8e67-735a05eb103c	Detection		NeuN: Ignore*	Root object (Image)	Polygon	851.06	799.08	2020.6938	1340.8776	4702.4897	392.0112	0.5812	30.714
DRG L M3_NeuN_IB4_Td-tomato_DAPI.lif - DRG L M3_coupe 2	2b34212d-f869-45e9-8ee8-c864463adaa7	Detection		NeuN: Ignore*	Root object (Image)	Polygon	620.49	862.17	1677.3854	409.3854	2573.5625	385.508	0.5803	29.8829
DRG L M3_NeuN_IB4_Td-tomato_DAPI.lif - DRG L M3_coupe 2	76d5bb54-e323-418f-bc01-d948ba11abe4	Detection		NeuN: Ignore*	Root object (Image)	Polygon	468.53	468.4	1698.8021	374.4271	2745.8542	379.9954	0.6979	25.9672
DRG L M3_NeuN_IB4_Td-tomato_DAPI.lif - DRG L M3_coupe 2	6dc10973-e515-4c79-9b8f-41c923c09879	Detection		NeuN: Ignore*	Root object (Image)	Polygon	724.25	507.01	2031.9651	436.7209	3699.6396	368.8688	0.6278	26.8071
DRG L M3_NeuN_IB4_Td-tomato_DAPI.lif - DRG L M3_coupe 2	c54eacc3-02fb-483e-a5f1-e89f9738999b	Detection		NeuN: Ignore*	Root object (Image)	Polygon	971.57	592.37	2092.9773	310.5568	3390.7954	369.0013	0.58	30.0002
DRG L M3_NeuN_IB4_Td-tomato_DAPI.lif - DRG L M3_coupe 2	4afe843e-6569-459e-9933-8275cafba530	Detection		NeuN: Ignore*	Root object (Image)	Polygon	238.65	636.36	3116.3735	511.0879	3769.5825	364.3658	0.6571	26.2771
DRG L M3_NeuN_IB4_Td-tomato_DAPI.lif - DRG L M3_coupe 2	3775b417-0a05-4742-84b6-f637cf35d001	Detection		NeuN: Ignore*	Root object (Image)	Polygon	611.97	777.8	1549.4832	367.1124	2709.7754	362.132	0.677	24.5533
DRG L M3_NeuN_IB4_Td-tomato_DAPI.lif - DRG L M3_coupe 2	159357ee-c656-4661-b621-4e5362e46399	Detection		NeuN: Ignore*	Root object (Image)	Polygon	829.68	467.27	2662.5222	464.5555	4842.9111	357.7477	0.634	26.5601
DRG L M3_NeuN_IB4_Td-tomato_DAPI.lif - DRG L M3_coupe 2	97209e26-7f28-4c85-b215-cd0189b1ee4a	Detection		NeuN: Ignore*	Root object (Image)	Polygon	866.42	648.79	1595.6974	365.1711	3046.6711	323.5501	0.6779	23.628
DRG L M3_NeuN_IB4_Td-tomato_DAPI.lif - DRG L M3_coupe 2	b5c01688-bd38-4fb1-86b2-1905d0dd8909	Detection		NeuN: IB4: Ignore*	Root object (Image)	Polygon	415.47	807.78	4031.939	497.4756	3832.0977	352.7446	0.602	25.8451
DRG L M3_NeuN_IB4_Td-tomato_DAPI.lif - DRG L M3_coupe 2	2568c2cd-0848-40ba-93c6-0ed52ddddc8b	Detection		NeuN: Ignore*	Root object (Image)	Polygon	524.33	885.81	2739.8022	370.1046	2807.3953	352.7408	0.5218	29.348
DRG L M3_NeuN_IB4_Td-tomato_DAPI.lif - DRG L M3_coupe 2	f5cc92be-eb42-43aa-bc31-d74ba2904f37	Detection		NeuN: Ignore*	Root object (Image)	Polygon	385.31	883.12	3060.3613	432.265	2899.2651	349.3756	0.6201	25.9874
DRG L M3_NeuN_IB4_Td-tomato_DAPI.lif - DRG L M3_coupe 2	27f7977c-1a7d-401c-89c7-5612002c3d5e	Detection		NeuN: IB4: Ignore*	Root object (Image)	Polygon	435.9	587.17	5969.2144	1809.0596	4158.8569	347.1345	0.4708	34.1762
DRG L M3_NeuN_IB4_Td-tomato_DAPI.lif - DRG L M3_coupe 2	ed9efd23-e977-43ec-8b17-c57b0a6804c2	Detection		NeuN: Ignore*	Root object (Image)	Polygon	732.11	529.07	1768.5421	414.2048	2945.0242	347.2427	0.6111	25.8699
DRG L M3_NeuN_IB4_Td-tomato_DAPI.lif - DRG L M3_coupe 2	00787ccb-c60b-4f02-95df-58f89ea19f9b	Detection		NeuN: Ignore*	Root object (Image)	Polygon	926.23	709.89	1638.9398	476.1566	3448.6626	345.6164	0.6487	25.1521
DRG L M3_NeuN_IB4_Td-tomato_DAPI.lif - DRG L M3_coupe 2	9049c50a-f773-4ae3-8005-8b0416e3516c	Detection		NeuN: IB4: Ignore*	Root object (Image)	Polygon	385.97	424.47	4438.9751	525.0617	6261.6914	341.3792	0.582	28.0737
DRG L M3_NeuN_IB4_Td-tomato_DAPI.lif - DRG L M3_coupe 2	3049e1ca-1018-4862-a30f-7dc8ccfe7a52	Detection		NeuN: Ignore*	Root object (Image)	Polygon	366.18	578.39	1819.7858	462.0952	3469.7739	340.7363	0.5692	25.6806
DRG L M3_NeuN_IB4_Td-tomato_DAPI.lif - DRG L M3_coupe 2	1ef1c014-eb01-417f-aef0-31929b2a0684	Detection		NeuN: Ignore*	Root object (Image)	Polygon	573.22	315.36	1855.8046	494.8965	5648.8735	341.1021	0.474	35.2014
DRG L M3_NeuN_IB4_Td-tomato_DAPI.lif - DRG L M3_coupe 2	c25b759f-563e-4caf-832d-a3b58e39330a	Detection		NeuN: Ignore*: TREK1	Root object (Image)	Polygon	416.68	554.37	3123.634	20963.7441	3698.8049	340.118	0.592	28.812
DRG L M3_NeuN_IB4_Td-tomato_DAPI.lif - DRG L M3_coupe 2	a095e93f-51a2-4aa1-8cd5-2de85464f3b7	Detection		NeuN: Ignore*	Root object (Image)	Polygon	656.63	535.93	1602.5	384.1667	2196.5769	334.1066	0.67	23.3568
DRG L M3_NeuN_IB4_Td-tomato_DAPI.lif - DRG L M3_coupe 2	ec859ddf-796e-4ea4-83a5-654089ee15be	Detection		NeuN: Ignore*	Root object (Image)	Polygon	897.44	604.1	1537.7037	405.7778	3215.7778	332.388	0.6246	24.2521
DRG L M3_NeuN_IB4_Td-tomato_DAPI.lif - DRG L M3_coupe 2	73d9931e-b78d-4444-9746-b81dc1ed5a09	Detection		NeuN: Ignore*	Root object (Image)	Polygon	713.48	525.14	2281.6543	450.3087	5192.457	332.0046	0.5851	24.839
DRG L M3_NeuN_IB4_Td-tomato_DAPI.lif - DRG L M3_coupe 2	91101b9f-b430-408d-a3db-c56feae09baf	Detection		NeuN: Ignore*	Root object (Image)	Polygon	769.5	357.85	1860.0128	469.1667	3287.5	322.1434	0.5005	28.5361
DRG L M3_NeuN_IB4_Td-tomato_DAPI.lif - DRG L M3_coupe 2	dea30395-b893-4182-a369-74894a05cc3f	Detection		NeuN: Ignore*	Root object (Image)	Polygon	767.06	382.81	1978.0494	444.6173	4034.7036	329.8839	0.4656	32.3794
DRG L M3_NeuN_IB4_Td-tomato_DAPI.lif - DRG L M3_coupe 2	91114e65-7095-48f4-82a2-d13bbfdb15a2	Detection		NeuN: Ignore*	Root object (Image)	Polygon	275.71	797.69	2100.3157	567.7632	5109.2104	328.9971	0.67	25.2249
DRG L M3_NeuN_IB4_Td-tomato_DAPI.lif - DRG L M3_coupe 2	cf7062b7-5dc8-4eb8-8cc3-ba341cdf396b	Detection		NeuN: Ignore*	Root object (Image)	Polygon	430.58	470.18	1610.7028	467.2838	2627.2163	326.0181	0.7027	23.7745
DRG L M3_NeuN_IB4_Td-tomato_DAPI.lif - DRG L M3_coupe 2	92add21b-8c12-4cfa-aa88-dd360d71b6ca	Detection		NeuN: Ignore*	Root object (Image)	Polygon	904.29	751.79	1541.6974	496.4605	2785.8289	325.9839	0.621	27.9505
DRG L M3_NeuN_IB4_Td-tomato_DAPI.lif - DRG L M3_coupe 2	46aa61e6-77d7-4226-8bee-40d95ddd45fe	Detection		NeuN: Ignore*	Root object (Image)	Polygon	780.74	502.18	2722.1375	344.6	4502.7876	324.6347	0.5426	26.3362
DRG L M3_NeuN_IB4_Td-tomato_DAPI.lif - DRG L M3_coupe 2	d2dc7718-bc07-43ea-97c5-a2958bbebab6	Detection		NeuN: Ignore*	Root object (Image)	Polygon	839.28	809.5	1935.4634	1185.2439	5096.2075	324.4982	0.5898	26.2476
DRG L M3_NeuN_IB4_Td-tomato_DAPI.lif - DRG L M3_coupe 2	f95de53c-c4cb-4f7a-ab8e-889738276513	Detection		NeuN: Ignore*	Root object (Image)	Polygon	418.59	829.23	1753.8312	405.039	3047.4155	324.6169	0.5398	29.5376
DRG L M3_NeuN_IB4_Td-tomato_DAPI.lif - DRG L M3_coupe 2	a8cb4f10-6f02-466e-9015-3d11de2d5db5	Detection		NeuN: IB4: Ignore*	Root object (Image)	Polygon	730.36	571.02	4540.2739	477.0685	4716.7534	323.2445	0.6016	24.7153
DRG L M3_NeuN_IB4_Td-tomato_DAPI.lif - DRG L M3_coupe 2	b13ebe86-f0c3-4542-8a3d-7870ff6e2bc0	Detection		Ignore*	Root object (Image)	Polygon	170.13	876.54	1467.1039	327.8571	697.1688	322.8794	0.3171	41.5968
DRG L M3_NeuN_IB4_Td-tomato_DAPI.lif - DRG L M3_coupe 2	2814e965-6cc3-451c-a924-fca8206a8c68	Detection		NeuN: IB4: Ignore*	Root object (Image)	Polygon	850.03	605.54	4937.3618	639.7447	5164.2554	191.1608	0.5521	22.598
DRG L M3_NeuN_IB4_Td-tomato_DAPI.lif - DRG L M3_coupe 2	9f901059-32fc-4ae2-9332-4455b7b29c7b	Detection		NeuN: Ignore*	Root object (Image)	Polygon	814.08	534.71	2482.7778	407.5803	4197.7778	321.8719	0.5766	25.4951
DRG L M3_NeuN_IB4_Td-tomato_DAPI.lif - DRG L M3_coupe 2	47feb704-6458-4c97-bd7f-301a9f35a093	Detection		NeuN: Ignore*	Root object (Image)	Polygon	302.62	843.04	2031.1644	522.8356	3440.0823	319.6298	0.6203	26.087
DRG L M3_NeuN_IB4_Td-tomato_DAPI.lif - DRG L M3_coupe 2	0f0b80f2-2ef1-49cf-9e4b-4db625ce77af	Detection		NeuN: Ignore*	Root object (Image)	Polygon	661.47	350.31	2951.8108	354.7297	2829.946	315.5072	0.5676	28.2305
DRG L M3_NeuN_IB4_Td-tomato_DAPI.lif - DRG L M3_coupe 2	7b563cce-8169-45b9-9f91-b9ecb7bd23f8	Detection		NeuN: Ignore*	Root object (Image)	Polygon	820.89	647.6	1327.2466	321.7808	1791.2466	310.4933	0.6455	25.1095
DRG L M3_NeuN_IB4_Td-tomato_DAPI.lif - DRG L M3_coupe 2	c98d5af8-0739-4cc8-bdcb-a053f24fda85	Detection		NeuN: Ignore*	Root object (Image)	Polygon	794.55	521.13	2389.9734	441.8533	7741.3599	307.756	0.5956	25.7789
DRG L M3_NeuN_IB4_Td-tomato_DAPI.lif - DRG L M3_coupe 2	e180fda1-58a1-4d77-9455-f355b4dd7089	Detection		NeuN: Ignore*	Root object (Image)	Polygon	865.01	775.48	1665.6389	528.9583	2554.3333	307.2388	0.6371	22.2128
DRG L M3_NeuN_IB4_Td-tomato_DAPI.lif - DRG L M3_coupe 2	836731ca-c2c4-48e7-a877-00a8a799214c	Detection		NeuN: Ignore*	Root object (Image)	Polygon	644.49	867.57	2071.627	399.5224	1769.1045	305.0908	0.5765	28.0865
DRG L M3_NeuN_IB4_Td-tomato_DAPI.lif - DRG L M3_coupe 2	1b787ded-c69c-4e5b-b445-977a8d93054f	Detection		NeuN: Ignore*	Root object (Image)	Polygon	740.54	556.31	2078.863	364.1096	4607.1372	305.3705	0.622	22.9961
DRG L M3_NeuN_IB4_Td-tomato_DAPI.lif - DRG L M3_coupe 2	7e734d75-515f-4568-b915-54533ffc44ab	Detection		NeuN: Ignore*	Root object (Image)	Polygon	369.26	796.63	2058.6807	1169.0555	3555.7917	299.93	0.6552	22.4613
DRG L M3_NeuN_IB4_Td-tomato_DAPI.lif - DRG L M3_coupe 2	ae929027-f75d-449a-bbb7-0296dc20fdc2	Detection		NeuN: Ignore*	Root object (Image)	Polygon	905.83	686.37	3319.3044	775.1594	3226.9565	301.4761	0.679	24.2534
DRG L M3_NeuN_IB4_Td-tomato_DAPI.lif - DRG L M3_coupe 2	e4b71c35-4bff-474a-b4c2-67a68e877ac2	Detection		NeuN: Ignore*	Root object (Image)	Polygon	788.17	643.94	1674.2754	314.3623	2491.116	292.7504	0.6572	23.8402
DRG L M3_NeuN_IB4_Td-tomato_DAPI.lif - DRG L M3_coupe 2	26dd65c0-453d-447d-b4a0-e81f69f004d3	Detection		NeuN: Ignore*	Root object (Image)	Polygon	265.56	510.45	2074.627	473.1791	2720.8806	292.2239	0.6727	22.6366
DRG L M3_NeuN_IB4_Td-tomato_DAPI.lif - DRG L M3_coupe 2	d99cf668-0505-44ee-9deb-7bf751bc6e22	Detection		NeuN: Ignore*	Root object (Image)	Polygon	544.73	407.82	1637.2153	372.6615	3327.0461	264.233	0.4815	25.9023
DRG L M3_NeuN_IB4_Td-tomato_DAPI.lif - DRG L M3_coupe 2	f1823324-b615-4938-b01a-4a14a5a55638	Detection		NeuN: Ignore*	Root object (Image)	Polygon	706.03	573.35	1973.5352	421.3239	2702.5493	285.7386	0.6044	23.1638
DRG L M3_NeuN_IB4_Td-tomato_DAPI.lif - DRG L M3_coupe 2	d76fea4a-f84f-4312-bd0a-6bc922453320	Detection		NeuN: Ignore*	Root object (Image)	Polygon	319.29	801.31	3342.4783	541.4637	3905.4783	285.6263	0.6573	23.705
DRG L M3_NeuN_IB4_Td-tomato_DAPI.lif - DRG L M3_coupe 2	2756d666-cf6a-4670-9986-278a9772aa68	Detection		NeuN: Ignore*	Root object (Image)	Polygon	802.38	496.14	2878.75	396.7647	3784.7646	283.7439	0.6912	23.5058
DRG L M3_NeuN_IB4_Td-tomato_DAPI.lif - DRG L M3_coupe 2	53774b2f-ef0f-421f-9c46-f7f64b31b10e	Detection		NeuN: Ignore*	Root object (Image)	Polygon	867.4	845.07	1487.7539	384.3692	5790.4155	283.8861	0.6448	24.6958
DRG L M3_NeuN_IB4_Td-tomato_DAPI.lif - DRG L M3_coupe 2	f46a6107-d130-4c1f-9638-33e99b3e64e4	Detection		NeuN: Ignore*	Root object (Image)	Polygon	284.32	718.3	3599.7314	637.1045	5579.3433	282.0089	0.656	22.2029
DRG L M3_NeuN_IB4_Td-tomato_DAPI.lif - DRG L M3_coupe 2	75849ba0-6802-49ac-b0a2-18c94309e72f	Detection		NeuN: Ignore*	Root object (Image)	Polygon	942.49	588.61	1949.723	306.9385	2284.6309	281.131	0.6362	24.5202
DRG L M3_NeuN_IB4_Td-tomato_DAPI.lif - DRG L M3_coupe 2	4094d46b-cbf4-4632-a4a6-7ce89a0554b5	Detection		NeuN: Ignore*	Root object (Image)	Polygon	236.86	701.87	2110.2	540.4615	5766.0156	280.128	0.4712	32.4234
DRG L M3_NeuN_IB4_Td-tomato_DAPI.lif - DRG L M3_coupe 2	2bd45942-e902-4e38-b722-87e2e1248144	Detection		NeuN: Ignore*	Root object (Image)	Polygon	892.82	634.68	2257.1365	316.197	2421.4092	276.1081	0.6052	25.6389
DRG L M3_NeuN_IB4_Td-tomato_DAPI.lif - DRG L M3_coupe 2	d5fec857-c6d8-41ba-9e3f-b2d92d2583a5	Detection		NeuN: Ignore*	Root object (Image)	Polygon	448.97	939.33	1838.2354	1296.2646	3836.1177	271.8825	0.443	34.6156
DRG L M3_NeuN_IB4_Td-tomato_DAPI.lif - DRG L M3_coupe 2	f287712b-615c-4528-b795-e4e7ad50521e	Detection		NeuN: Ignore*	Root object (Image)	Polygon	396.4	546.57	2235.2258	729.3065	3626.9517	267.3784	0.6127	25.5964
DRG L M3_NeuN_IB4_Td-tomato_DAPI.lif - DRG L M3_coupe 2	43721143-97ab-43ea-9366-f9dad46273e5	Detection		NeuN: Ignore*	Root object (Image)	Polygon	558.41	512.14	1683.2969	438.4531	3668.1719	264.1291	0.6348	22.3933
DRG L M3_NeuN_IB4_Td-tomato_DAPI.lif - DRG L M3_coupe 2	468f46a9-f08c-4f9b-a779-744191969b87	Detection		NeuN: Ignore*	Root object (Image)	Polygon	876.49	537.5	1171.7213	311.6066	2924.1147	259.9984	0.5205	27.8588
DRG L M3_NeuN_IB4_Td-tomato_DAPI.lif - DRG L M3_coupe 2	6d6dfcfd-c8e1-45b8-909c-6744caedbe85	Detection		NeuN: Ignore*	Root object (Image)	Polygon	352.4	659.46	3515.6191	414.2222	2448.5874	257.7394	0.6862	21.4948
DRG L M3_NeuN_IB4_Td-tomato_DAPI.lif - DRG L M3_coupe 2	d106356c-05e3-414e-a05c-ca0ca31a36b7	Detection		NeuN: Ignore*	Root object (Image)	Polygon	833.79	534.41	2715.1587	332.4921	4019.8889	254.6162	0.5911	24.1348
DRG L M3_NeuN_IB4_Td-tomato_DAPI.lif - DRG L M3_coupe 2	a649d534-f035-4679-ae67-ca61088f24a4	Detection		NeuN: Ignore*	Root object (Image)	Polygon	885.76	768.75	1845.9678	470.2742	5941.3872	253.5184	0.5476	23.7636
DRG L M3_NeuN_IB4_Td-tomato_DAPI.lif - DRG L M3_coupe 2	49fe134f-b9f7-4ee7-bb8a-9fc62e9c41e2	Detection		NeuN: Ignore*	Root object (Image)	Polygon	228.46	664.5	3616.7932	478.0517	4097.793	248.4938	0.6162	23.8369
DRG L M3_NeuN_IB4_Td-tomato_DAPI.lif - DRG L M3_coupe 2	d95de0f6-60ac-4a16-b122-a82df2acfabd	Detection		NeuN: Ignore*	Root object (Image)	Polygon	661.56	493.81	1734.322	503.7797	2952.5425	246.2675	0.6211	21.2254
DRG L M3_NeuN_IB4_Td-tomato_DAPI.lif - DRG L M3_coupe 2	bfb0870b-c9fd-4f1c-bb43-60d408c299ab	Detection		NeuN: Ignore*	Root object (Image)	Polygon	549.73	501.06	1503.1187	363.1526	3691.2881	245.5011	0.6164	23.5853
DRG L M3_NeuN_IB4_Td-tomato_DAPI.lif - DRG L M3_coupe 2	75da7266-466b-4ebb-922b-62bc309634ea	Detection		NeuN: Ignore*	Root object (Image)	Polygon	872.23	758.53	1908.1404	392.3684	4596.9297	242.2551	0.5513	24.7393
DRG L M3_NeuN_IB4_Td-tomato_DAPI.lif - DRG L M3_coupe 2	ae83c917-28de-4622-87ad-5435cb0f01be	Detection		NeuN: Ignore*	Root object (Image)	Polygon	606.95	392.79	1832.5178	344.6071	2406.0178	230.1742	0.536	23.2461
DRG L M3_NeuN_IB4_Td-tomato_DAPI.lif - DRG L M3_coupe 2	39901eca-6eaf-4c0d-82db-9f8f25dbe22a	Detection		NeuN: Ignore*	Root object (Image)	Polygon	831.08	491.58	2164.4727	395.2	2932.8909	234.999	0.6499	20.3685
DRG L M3_NeuN_IB4_Td-tomato_DAPI.lif - DRG L M3_coupe 2	54bdd057-673a-4890-a3c4-33134e5c2d34	Detection		NeuN: Ignore*	Root object (Image)	Polygon	517.52	898.71	1509.037	325.5555	2099.574	230.506	0.5883	22.9431
DRG L M3_NeuN_IB4_Td-tomato_DAPI.lif - DRG L M3_coupe 2	5c23fe52-53be-48b4-9973-e005c4754678	Detection		NeuN: Ignore*	Root object (Image)	Polygon	634.12	546.01	1324.0754	305.4151	3867.9058	230.3649	0.6635	21.039
DRG L M3_NeuN_IB4_Td-tomato_DAPI.lif - DRG L M3_coupe 2	5da4c5af-7861-483a-9a4a-f5eed64a6ba8	Detection		NeuN: Ignore*	Root object (Image)	Polygon	443.62	456.15	1427.4546	345.2182	2168.8181	221.8735	0.6818	20.0149
DRG L M3_NeuN_IB4_Td-tomato_DAPI.lif - DRG L M3_coupe 2	e2695826-2e0d-44c6-afd6-f38b2a5bc882	Detection		NeuN: Ignore*	Root object (Image)	Polygon	675.91	379.68	1461.6604	318.717	1813.3585	220.3775	0.3898	30.3702
DRG L M3_NeuN_IB4_Td-tomato_DAPI.lif - DRG L M3_coupe 2	a48c57b2-1f8c-4bdd-b92b-90b021ed522a	Detection		NeuN: Ignore*	Root object (Image)	Polygon	253.48	739.57	2841.7551	2489.3469	7877.3672	216.6155	0.661	18.8725
DRG L M3_NeuN_IB4_Td-tomato_DAPI.lif - DRG L M3_coupe 2	08f74093-f22d-436e-80d5-24714fa7d33b	Detection		NeuN: Ignore*	Root object (Image)	Polygon	716.36	597.9	2680.4285	342.5306	4768.041	215.8831	0.6524	20.6745
DRG L M3_NeuN_IB4_Td-tomato_DAPI.lif - DRG L M3_coupe 2	d5eda193-d042-4a91-9516-4afa55bff8a8	Detection		NeuN: Ignore*	Root object (Image)	Polygon	909.3	805.36	2938.5103	952.2857	3263.0815	206.5542	0.5834	24.4158
DRG L M3_NeuN_IB4_Td-tomato_DAPI.lif - DRG L M3_coupe 2	535689ee-3d20-42dd-80c7-ada6c438446a	Detection		NeuN: Ignore*	Root object (Image)	Polygon	861.63	588.83	2223.7856	556.5714	4473.4761	167.6929	0.5372	21.8291
DRG L M3_NeuN_IB4_Td-tomato_DAPI.lif - DRG L M3_coupe 2	07901f35-5e99-4c08-a783-8bf5b80937dd	Detection		NeuN: Ignore*	Root object (Image)	Polygon	821.55	673.64	1366.52	340.16	1959.04	214.3864	0.7027	19.4997
DRG L M3_NeuN_IB4_Td-tomato_DAPI.lif - DRG L M3_coupe 2	23056d94-7219-41bc-a049-6b6b19941191	Detection		NeuN: Ignore*: TREK1	Root object (Image)	Polygon	944.83	789.51	2761.3479	5375.9346	6157.7607	209.6479	0.6439	19.4503
DRG L M3_NeuN_IB4_Td-tomato_DAPI.lif - DRG L M3_coupe 2	aad9ea70-fa66-4628-95a6-1ed63898ef8e	Detection		NeuN: Ignore*	Root object (Image)	Polygon	409.02	673.48	1610.3541	364.125	2635.5833	197.6268	0.6176	21.376
DRG L M3_NeuN_IB4_Td-tomato_DAPI.lif - DRG L M3_coupe 2	d386274c-f21b-4db1-97ee-a24b185f1689	Detection		NeuN: Ignore*	Root object (Image)	Polygon	710.6	380.58	2968.7021	408.4043	5654.915	196.8704	0.6448	18.1784
DRG L M3_NeuN_IB4_Td-tomato_DAPI.lif - DRG L M3_coupe 2	aff5164f-068e-48e4-afb1-1d97da5b77dd	Detection		NeuN: Ignore*	Root object (Image)	Polygon	643.49	430.9	1156.3405	295.617	3580	195.2513	0.5215	21.964
DRG L M3_NeuN_IB4_Td-tomato_DAPI.lif - DRG L M3_coupe 2	18ce2461-2701-49d8-b540-f3ecf7561f54	Detection		NeuN: Ignore*	Root object (Image)	Polygon	502.23	585.55	1647.8837	346	3466.0466	192.8725	0.702	17.3847
DRG L M3_NeuN_IB4_Td-tomato_DAPI.lif - DRG L M3_coupe 2	676ad30b-2c64-4112-8476-ba60d2b0efc3	Detection		NeuN: IB4: Ignore*	Root object (Image)	Polygon	717.79	580.19	4248.3809	440.0238	4836.1665	182.7616	0.6001	18.6879
DRG L M3_NeuN_IB4_Td-tomato_DAPI.lif - DRG L M3_coupe 2	68d8e7c0-6a04-4791-966d-ac28470e0aca	Detection		NeuN: Ignore*	Root object (Image)	Polygon	471.63	483.28	1814.0714	332.1905	2437.5239	179.2298	0.6858	17.6744
DRG L M3_NeuN_IB4_Td-tomato_DAPI.lif - DRG L M3_coupe 2	e58bc171-5328-436b-9337-8f2b41677757	Detection		NeuN: Ignore*	Root object (Image)	Polygon	486.42	385.51	2994.7949	378.3846	5725	179.4958	0.6771	18.6761
DRG L M3_NeuN_IB4_Td-tomato_DAPI.lif - DRG L M3_coupe 2	3f6646f0-d530-462f-94a5-d3eeb8bb2de3	Detection		NeuN: Ignore*	Root object (Image)	Polygon	448.9	928.2	3236.5681	436.0682	5822.3408	178.8758	0.6379	18.9062
DRG L M3_NeuN_IB4_Td-tomato_DAPI.lif - DRG L M3_coupe 2	806500b7-e004-4e62-9219-fc93a141cefa	Detection		NeuN: Ignore*	Root object (Image)	Polygon	881.07	781.29	1295.3112	364.3556	2704.8889	177.2483	0.5677	18.0116
DRG L M3_NeuN_IB4_Td-tomato_DAPI.lif - DRG L M3_coupe 2	2a551a0b-ac19-414e-9c85-9c83e44ada8e	Detection		NeuN: Ignore*	Root object (Image)	Polygon	835.11	662.6	1373.5476	356.119	3109.9285	173.5108	0.6103	19.9254
DRG L M3_NeuN_IB4_Td-tomato_DAPI.lif - DRG L M3_coupe 2	8770da1c-6841-4a00-a272-132b03b64b8b	Detection		Ignore*	Root object (Image)	Polygon	868.83	275.64	1079.0769	362.7436	467.5898	169.5023	0.6451	17.7338
DRG L M3_NeuN_IB4_Td-tomato_DAPI.lif - DRG L M3_coupe 2	72d20448-43ac-422d-956b-07560f29346f	Detection		NeuN: Ignore*	Root object (Image)	Polygon	374.53	569.27	2081.9761	491.1667	3460.8333	168.1189	0.539	20.7945
DRG L M3_NeuN_IB4_Td-tomato_DAPI.lif - DRG L M3_coupe 2	ac08d4f7-d605-4a67-9638-98eaa120d194	Detection		NeuN: Ignore*	Root object (Image)	Polygon	675.45	444.8	3452.1282	402.8974	4401.564	165.4935	0.6184	18.2433
DRG L M3_NeuN_IB4_Td-tomato_DAPI.lif - DRG L M3_coupe 2	fb91eff7-a77e-4d3d-bc92-c4936136a552	Detection		NeuN: Ignore*	Root object (Image)	Polygon	716.33	540.82	1440.8649	333.8378	4217.9731	163.488	0.6373	17.9228
DRG L M3_NeuN_IB4_Td-tomato_DAPI.lif - DRG L M3_coupe 2	86bc4149-ad10-487e-9583-f532ae482c15	Detection		NeuN: Ignore*	Root object (Image)	Polygon	489.43	926.06	1339.8918	334.7567	2917.6758	160.2482	0.5487	23.0692
DRG L M3_NeuN_IB4_Td-tomato_DAPI.lif - DRG L M3_coupe 2	96e051de-bbe6-4045-bcce-6f2c3035e12e	Detection		NeuN: Ignore*	Root object (Image)	Polygon	689.13	520.41	1916.9445	342.4445	4470.4443	158.8706	0.458	24.134
DRG L M3_NeuN_IB4_Td-tomato_DAPI.lif - DRG L M3_coupe 2	a6597564-7488-4249-9198-96affb303f13	Detection		Ignore*	Root object (Image)	Polygon	177.09	860.78	1671.2424	342.1212	706.9697	154.9878	0.6006	20.4001
DRG L M3_NeuN_IB4_Td-tomato_DAPI.lif - DRG L M3_coupe 2	4f2af9c6-f24b-4a77-855e-f1bbebda0d70	Detection		NeuN: Ignore*	Root object (Image)	Polygon	615.21	476.47	2007.4474	266.5	1925.0264	151.4949	0.5872	18.452
DRG L M3_NeuN_IB4_Td-tomato_DAPI.lif - DRG L M3_coupe 2	ea73bcff-840a-4812-9b7c-ac9d6f026d9d	Detection		NeuN: Ignore*	Root object (Image)	Polygon	689.15	360.8	1602.4	305.0286	2729.9714	148.7491	0.601	16.5367
DRG L M3_NeuN_IB4_Td-tomato_DAPI.lif - DRG L M3_coupe 2	164a7aec-fd27-4805-a85a-a4b6ec05ec8b	Detection		NeuN: Ignore*	Root object (Image)	Polygon	669.4	556.35	1465.3334	410.9333	1401.6333	137.3738	0.6557	17.1033
DRG L M3_NeuN_IB4_Td-tomato_DAPI.lif - DRG L M3_coupe 2	c5e42c47-8944-4365-be38-8ce7c5b81d5a	Detection		Ignore*: TREK1	Root object (Image)	Polygon	617.87	645.05	1574	11490.8828	629.9412	137.9901	0.6267	17.2608
DRG L M3_NeuN_IB4_Td-tomato_DAPI.lif - DRG L M3_coupe 2	57759f32-d2db-4d89-9c0c-6e7db44e03df	Detection		Ignore*	Root object (Image)	Polygon	56.16	877.13	1281.2333	291.9667	463.7333	135.2548	0.6536	16.1167
DRG L M3_NeuN_IB4_Td-tomato_DAPI.lif - DRG L M3_coupe 2	35290c16-7d53-4c6b-8d61-69db882ed635	Detection		Ignore*	Root object (Image)	Polygon	864.36	167.68	1202.3549	303.2903	731.2258	130.3648	0.5589	15.9458
DRG L M3_NeuN_IB4_Td-tomato_DAPI.lif - DRG L M3_coupe 2	13fda33a-17df-4a00-b41b-6ca5eddd7865	Detection		NeuN: Ignore*	Root object (Image)	Polygon	376.64	859.89	1357.9656	304.931	2419.2759	127.5046	0.6798	15.3515
DRG L M3_NeuN_IB4_Td-tomato_DAPI.lif - DRG L M3_coupe 2	7e8f8506-daa8-4821-b595-5c8dd5e79e30	Detection		NeuN: Ignore*	Root object (Image)	Polygon	398.23	842.64	1722.7742	368.3871	2365.3225	125.9897	0.6852	14.1783
DRG L M3_NeuN_IB4_Td-tomato_DAPI.lif - DRG L M3_coupe 2	c5810aa1-d776-430e-b826-050cb5118099	Detection		Ignore*	Root object (Image)	Polygon	856.02	253.15	1104.7407	403.5926	520.5555	124.1293	0.6373	15.5236
DRG L M3_NeuN_IB4_Td-tomato_DAPI.lif - DRG L M3_coupe 2	32229ae8-35dd-4ef8-bf7a-673873b3d358	Detection		Ignore*	Root object (Image)	Polygon	1032.2	87.64	855.8276	234.1379	417.3103	123.5071	0.4861	18.8812
DRG L M3_NeuN_IB4_Td-tomato_DAPI.lif - DRG L M3_coupe 2	ceae52bd-5257-4c27-9ee3-f0d474d0cf09	Detection		NeuN: Ignore*	Root object (Image)	Polygon	521.94	498.73	1436.0714	287.0357	2352.3215	119.8737	0.7264	14.5908
DRG L M3_NeuN_IB4_Td-tomato_DAPI.lif - DRG L M3_coupe 2	e9d5edd6-4e17-44e3-981d-78c127b1c432	Detection		NeuN: Ignore*	Root object (Image)	Polygon	243	732.1	1967.5186	539.1481	6248.0742	115.7473	0.6355	16.1943
DRG L M3_NeuN_IB4_Td-tomato_DAPI.lif - DRG L M3_coupe 2	12ff14cb-3174-42f6-898a-27809802ef74	Detection		Ignore*	Root object (Image)	Polygon	930.13	182.34	1179.4348	308.6522	764.3478	114.7557	0.6454	14.9866
DRG L M3_NeuN_IB4_Td-tomato_DAPI.lif - DRG L M3_coupe 2	1962b3b7-f471-4b2f-bacd-661aa5231e81	Detection		NeuN: Ignore*	Root object (Image)	Polygon	939.85	710.08	1324.1154	368.2692	2612.0386	113.9964	0.6167	15.8113
DRG L M3_NeuN_IB4_Td-tomato_DAPI.lif - DRG L M3_coupe 2	d28e14d0-aa46-4db2-9511-1d5e4493b863	Detection		NeuN: Ignore*	Root object (Image)	Polygon	420.64	519.33	1773.7391	397.8696	2410.0435	111.0031	0.7143	13.3584
DRG L M3_NeuN_IB4_Td-tomato_DAPI.lif - DRG L M3_coupe 2	bc85382a-ca8a-464c-aaeb-c511f18557be	Detection		Ignore*	Root object (Image)	Polygon	822.91	1049.9	1432.2693	265.7308	336.7308	111.3647	0.5985	17.2708
DRG L M3_NeuN_IB4_Td-tomato_DAPI.lif - DRG L M3_coupe 2	daebe908-a54f-4257-9057-8ac23ee276fa	Detection		NeuN: Ignore*	Root object (Image)	Polygon	400.22	869.35	1371	312.6956	1781.5652	106.126	0.6335	16.5666
DRG L M3_NeuN_IB4_Td-tomato_DAPI.lif - DRG L M3_coupe 2	f4934a10-3190-4d98-a769-472839325258	Detection		NeuN: Ignore*	Root object (Image)	Polygon	671.47	460.27	1242.4546	349.7273	3289.5454	99.9876	0.6362	13.97
DRG L M3_NeuN_IB4_Td-tomato_DAPI.lif - DRG L M3_coupe 2	297fc2ae-9ab6-4691-bd03-3aa74603787b	Detection		Ignore*	Root object (Image)	Polygon	941.41	179.58	958.6364	236.0909	488.7727	90.9967	0.4914	17.1106
DRG L M3_NeuN_IB4_Td-tomato_DAPI.lif - DRG L M3_coupe 2	204e9bc8-b26f-45c4-91da-250ea194aa81	Detection		Ignore*	Root object (Image)	Polygon	851.08	284.78	1238.1052	361.1579	427.1053	83.4912	0.5126	15.2022
DRG L M3_NeuN_IB4_Td-tomato_DAPI.lif - DRG L M3_coupe 2	21ad535f-b329-4d3b-822d-1d55cc024c03	Detection		NeuN: Ignore*	Root object (Image)	Polygon	301.39	780.68	2055.2222	584.8333	3704.1111	82.3799	0.6472	14.2132
DRG L M3_NeuN_IB4_Td-tomato_DAPI.lif - DRG L M3_coupe 2	e79b8ddc-892e-4fae-9d80-93b055fc9f88	Detection		Ignore*	Root object (Image)	Polygon	871.07	181.24	1094.0555	282.7778	657.0555	80.3705	0.6257	12.6231
DRG L M3_NeuN_IB4_Td-tomato_DAPI.lif - DRG L M3_coupe 2	10cea6d1-5701-43c0-829f-50c378e32aa0	Detection		NeuN: Ignore*	Root object (Image)	Polygon	414.87	535.7	1794.7333	1371	4283.2002	78.0038	0.736	11.8539
DRG L M3_NeuN_IB4_Td-tomato_DAPI.lif - DRG L M3_coupe 2	d6e3e39b-ca62-42ec-b834-cd5f6c2e2e86	Detection		NeuN: Ignore*	Root object (Image)	Polygon	887.03	183.52	1496.4	370.7333	951.7333	74.1318	0.6264	12.1768
DRG L M3_NeuN_IB4_Td-tomato_DAPI.lif - DRG L M3_coupe 2	1a907951-9a11-4831-ab09-6f344e98b063	Detection		NeuN: Ignore*	Root object (Image)	Polygon	618.45	509.19	1298.2778	306.6111	1543.9445	74.1229	0.6065	12.1024
DRG L M3_NeuN_IB4_Td-tomato_DAPI.lif - DRG L M3_coupe 2	381cc8b5-37cf-421c-9b68-051d331f2992	Detection		NeuN: Ignore*	Root object (Image)	Polygon	874.23	859.25	1287.5294	296.6471	1365.8823	73.8976	0.6269	13.604
DRG L M3_NeuN_IB4_Td-tomato_DAPI.lif - DRG L M3_coupe 2	b2425f98-d570-423a-b781-8bdf105d4c1f	Detection		NeuN: Ignore*	Root object (Image)	Polygon	372.64	526.64	1562.8667	324.0667	1840	65.3725	0.7311	10.1713
DRG L M3_NeuN_IB4_Td-tomato_DAPI.lif - DRG L M3_coupe 2	b3574aa3-d118-4631-8ed7-980ffd4ba6c8	Detection		Ignore*	Root object (Image)	Polygon	888.76	213.39	1369.4166	355.9167	808.5	58.6167	0.5176	11.7021
DRG L M3_NeuN_IB4_Td-tomato_DAPI.lif - DRG L M3_coupe 2	b086fd4a-b5bc-44e1-b9fa-331100a0740c	Detection		NeuN: Ignore*: TREK1	Root object (Image)	Polygon	454.63	809.3	1483.3636	5214.0908	1385.8182	58.3728	0.74	9.4799
DRG L M3_NeuN_IB4_Td-tomato_DAPI.lif - DRG L M3_coupe 2	52a513f2-8b36-4f08-9350-b31bc96c74ca	Detection		NeuN: Ignore*	Root object (Image)	Polygon	735.67	388.32	1285	276.125	3081.375	40.2421	0.7198	8.4985
DRG L M3_NeuN_IB4_Td-tomato_DAPI.lif - DRG L M3_coupe 2	5ded9bf4-502c-4ee6-8d1e-2699fb64d29a	Detection		Ignore*	Root object (Image)	Polygon	949.4	159.58	833.6667	225.8333	488.8333	33.2532	0.6975	8.5441
DRG L M3_NeuN_IB4_Td-tomato_DAPI.lif - DRG L M3_coupe 2	aed80a09-f94e-4a58-aad5-914137b9a66f	Detection		NeuN: Ignore*	Root object (Image)	Polygon	356.46	613.06	879	262	1896.6666	31.3694	0.6442	8.2018
